HipCenterXPosition, HipCenterYPosition, HipCenterZPosition, SpineXPosition, SpineYPosition, SpineZPosition, ShoulderCenterXPosition, ShoulderCenterYPosition, ShoulderCenterZPosition, HeadXPosition, HeadYPosition, HeadZPosition, ShoulderLeftX Position,ShoulderLeftYPosition, ShoulderLeftZPosition, ElbowLeftXPosition, ElbowLeftYPosition, ElbowLeftZPosition, WristLeftXPosition, WristLeftYPosition, WristLeftZPosition, HandLeftXPosition, HandLeftYPosition, HandLeftZPosition, ShoulderRightXPosition, ShoulderRightYPosition, ShoulderRightZPosition, ElbowRightXPosition, ElbowRightYPosition, ElbowRightZPosition, WristRightXPosition, WristRightYPosition, WristRightZPosition, HandRightXPosition, HandRightYPosition, HandRightZPosition, HipLeftXPosition, HipLeftYPosition, HipLeftZPosition, KneeLeftXPosition, KneeLeftYPosition, KneeLeftZPosition, AnkleLeftXPosition, AnkleLeftYPosition, AnkleLeftZPosition, FootLeftXPosition, FootLeftYPosition, FootLeftZPosition, HipRightXPosition, HipRightYPosition, HipRightZPosition, KneeRightXPosition, KneeRightYPosition, KneeRightZPosition, AnkleRightXPosition, AnkleRightYPosition, AnkleRightZPosition, FootRightXPosition, FootRightYPosition, FootRightZPosition, drop_this_col
-1.117307,0.04362838,2.789909,-1.126228,0.1277311,2.781734,-1.170834,0.5482445,2.759125,-1.047764,0.7639821,2.771461,-1.200737,0.408961,2.629014,-1.175105,0.1560684,2.543797,-1.039301,-0.04294038,2.539716,-0.9606355,-0.1169531,2.549099,-1.108043,0.3815625,2.834588,-1.100348,0.07649103,2.763574,-0.9718573,-0.02295603,2.908084,-0.929027,-0.05610505,2.961236,-1.13333,0.004223473,2.750978,-1.203151,-0.5511773,2.857217,-1.255651,-0.9261191,2.907026,-1.201858,-0.9832746,2.910923,-1.091617,-0.008105863,2.831701,-1.016953,-0.5158317,3.00102,-1.144547,-0.9156318,3.026607,-1.081129,-0.9633987,3.086797,
-1.117307,0.04362838,2.789909,-1.126228,0.1277311,2.781734,-1.170834,0.5482445,2.759125,-1.047764,0.7639821,2.771461,-1.200737,0.408961,2.629014,-1.175105,0.1560684,2.543797,-1.039301,-0.04294038,2.539716,-0.9606355,-0.1169531,2.549099,-1.108043,0.3815625,2.834588,-1.100348,0.07649103,2.763574,-0.9718573,-0.02295603,2.908084,-0.929027,-0.05610505,2.961236,-1.13333,0.004223473,2.750978,-1.203151,-0.5511773,2.857217,-1.255651,-0.9261191,2.907026,-1.201858,-0.9832746,2.910923,-1.091617,-0.008105863,2.831701,-1.016953,-0.5158317,3.00102,-1.144547,-0.9156318,3.026607,-1.081129,-0.9633987,3.086797,
-1.096368,-0.02916955,2.782827,-1.102327,0.06661481,2.774132,-1.139004,0.5460181,2.752441,-1.032472,0.7535458,2.760484,-1.164873,0.4039834,2.627571,-1.121484,0.1711291,2.536289,-0.9353867,-0.04755538,2.541455,-0.8779476,-0.1098161,2.555512,-1.057463,0.3503408,2.84541,-1.006773,0.06969759,2.871583,-0.9722757,-0.2117843,2.92046,-0.9734586,-0.3142018,2.934894,-1.116427,-0.06160598,2.747916,-1.170891,-0.5286011,2.861136,-1.257572,-0.9253339,2.903108,-1.204868,-0.9828114,2.914743,-1.070795,-0.08537006,2.820351,-0.9553592,-0.4900197,3.001578,-1.053575,-0.8960972,3.024623,-0.9858897,-0.9532451,3.084055,
-1.096368,-0.02916955,2.782827,-1.102327,0.06661481,2.774132,-1.139004,0.5460181,2.752441,-1.032472,0.7535458,2.760484,-1.164873,0.4039834,2.627571,-1.121484,0.1711291,2.536289,-0.9353867,-0.04755538,2.541455,-0.8779476,-0.1098161,2.555512,-1.057463,0.3503408,2.84541,-1.006773,0.06969759,2.871583,-0.9722757,-0.2117843,2.92046,-0.9734586,-0.3142018,2.934894,-1.116427,-0.06160598,2.747916,-1.170891,-0.5286011,2.861136,-1.257572,-0.9253339,2.903108,-1.204868,-0.9828114,2.914743,-1.070795,-0.08537006,2.820351,-0.9553592,-0.4900197,3.001578,-1.053575,-0.8960972,3.024623,-0.9858897,-0.9532451,3.084055,
-1.059842,-0.03682478,2.802874,-1.067113,0.06092256,2.790945,-1.095495,0.5485851,2.754434,-0.9996799,0.7681965,2.77142,-1.127139,0.4011838,2.627496,-1.073478,0.1727075,2.528558,-0.8571258,-0.02236841,2.549284,-0.7929872,-0.07791057,2.588574,-1.02755,0.3438435,2.84487,-0.8960274,0.09866676,2.708321,-0.945217,-0.173574,2.800635,-0.9531733,-0.307638,2.913025,-1.080227,-0.07093822,2.76596,-1.170421,-0.5274211,2.857404,-1.256378,-0.923003,2.90065,-1.212516,-0.9871968,2.91783,-1.03098,-0.09814403,2.846628,-0.9036871,-0.4994689,3.002141,-0.9172071,-0.9007502,3.044163,-0.8453918,-0.9523236,3.105705,
-1.059842,-0.03682478,2.802874,-1.067113,0.06092256,2.790945,-1.095495,0.5485851,2.754434,-0.9996799,0.7681965,2.77142,-1.127139,0.4011838,2.627496,-1.073478,0.1727075,2.528558,-0.8571258,-0.02236841,2.549284,-0.7929872,-0.07791057,2.588574,-1.02755,0.3438435,2.84487,-0.8960274,0.09866676,2.708321,-0.945217,-0.173574,2.800635,-0.9531733,-0.307638,2.913025,-1.080227,-0.07093822,2.76596,-1.170421,-0.5274211,2.857404,-1.256378,-0.923003,2.90065,-1.212516,-0.9871968,2.91783,-1.03098,-0.09814403,2.846628,-0.9036871,-0.4994689,3.002141,-0.9172071,-0.9007502,3.044163,-0.8453918,-0.9523236,3.105705,
-1.019614,-0.06151314,2.82906,-1.024244,0.03932435,2.813595,-1.048955,0.5436767,2.756567,-0.9399013,0.7607998,2.783434,-1.095646,0.3996525,2.6261,-0.990022,0.158961,2.517562,-0.7730821,-0.01683324,2.57164,-0.7066048,-0.04750469,2.60534,-0.9743013,0.3367988,2.846265,-0.8558263,0.08665308,2.69763,-0.8657798,-0.1791249,2.82003,-0.8690976,-0.2677175,2.866373,-1.043006,-0.09304563,2.797867,-1.165354,-0.5292688,2.855783,-1.256169,-0.9210956,2.899511,-1.213675,-0.9920811,2.92062,-0.9923965,-0.1209404,2.868482,-0.853901,-0.5340035,3.004419,-0.805266,-0.9270998,3.064972,-0.7023471,-0.946316,3.113788,
-1.019614,-0.06151314,2.82906,-1.024244,0.03932435,2.813595,-1.048955,0.5436767,2.756567,-0.9399013,0.7607998,2.783434,-1.095646,0.3996525,2.6261,-0.990022,0.158961,2.517562,-0.7730821,-0.01683324,2.57164,-0.7066048,-0.04750469,2.60534,-0.9743013,0.3367988,2.846265,-0.8558263,0.08665308,2.69763,-0.8657798,-0.1791249,2.82003,-0.8690976,-0.2677175,2.866373,-1.043006,-0.09304563,2.797867,-1.165354,-0.5292688,2.855783,-1.256169,-0.9210956,2.899511,-1.213675,-0.9920811,2.92062,-0.9923965,-0.1209404,2.868482,-0.853901,-0.5340035,3.004419,-0.805266,-0.9270998,3.064972,-0.7023471,-0.946316,3.113788,
-0.9746625,-0.06495263,2.833899,-0.9792249,0.03461282,2.816499,-0.999558,0.5318951,2.749026,-0.9434122,0.7374002,2.787566,-1.041506,0.3898425,2.621323,-0.9680444,0.1633801,2.516295,-0.7327304,3.524125E-05,2.571997,-0.6633328,-0.036592,2.615307,-0.9269681,0.3253036,2.838756,-0.7523447,0.1047261,2.71735,-0.8573681,-0.1263338,2.852214,-0.8923758,-0.2033538,2.902537,-0.9987198,-0.09732354,2.802413,-1.14996,-0.533503,2.85159,-1.256064,-0.9208168,2.898169,-1.213195,-0.9928448,2.918739,-0.9452152,-0.1265752,2.876443,-0.821883,-0.5346956,2.998308,-0.6639169,-0.9171728,3.047418,-0.5602303,-0.9277008,3.100078,
-0.9746625,-0.06495263,2.833899,-0.9792249,0.03461282,2.816499,-0.999558,0.5318951,2.749026,-0.9434122,0.7374002,2.787566,-1.041506,0.3898425,2.621323,-0.9680444,0.1633801,2.516295,-0.7327304,3.524125E-05,2.571997,-0.6633328,-0.036592,2.615307,-0.9269681,0.3253036,2.838756,-0.7523447,0.1047261,2.71735,-0.8573681,-0.1263338,2.852214,-0.8923758,-0.2033538,2.902537,-0.9987198,-0.09732354,2.802413,-1.14996,-0.533503,2.85159,-1.256064,-0.9208168,2.898169,-1.213195,-0.9928448,2.918739,-0.9452152,-0.1265752,2.876443,-0.821883,-0.5346956,2.998308,-0.6639169,-0.9171728,3.047418,-0.5602303,-0.9277008,3.100078,
-0.9498417,-0.05248867,2.820233,-0.9543669,0.04417926,2.805687,-0.9729759,0.5298066,2.750068,-0.9440439,0.7316582,2.800192,-1.011126,0.3864501,2.620029,-0.8842254,0.1514966,2.517622,-0.6943988,0.01276579,2.573916,-0.6293058,-0.02463591,2.611841,-0.9064507,0.3719669,2.849255,-0.7406907,0.1416678,2.725984,-0.8671548,0.001197457,2.822919,-0.9093096,-0.045626,2.860656,-0.9661579,-0.09736812,2.776676,-1.115732,-0.5393992,2.849766,-1.252731,-0.9163701,2.896587,-1.217772,-0.9897562,2.916908,-0.927164,-0.110071,2.870236,-0.7674251,-0.5809171,3.0007,-0.5467941,-0.9233049,3.052391,-0.4535412,-0.8966006,3.063097,
-0.9498417,-0.05248867,2.820233,-0.9543669,0.04417926,2.805687,-0.9729759,0.5298066,2.750068,-0.9440439,0.7316582,2.800192,-1.011126,0.3864501,2.620029,-0.8842254,0.1514966,2.517622,-0.6943988,0.01276579,2.573916,-0.6293058,-0.02463591,2.611841,-0.9064507,0.3719669,2.849255,-0.7406907,0.1416678,2.725984,-0.8671548,0.001197457,2.822919,-0.9093096,-0.045626,2.860656,-0.9661579,-0.09736812,2.776676,-1.115732,-0.5393992,2.849766,-1.252731,-0.9163701,2.896587,-1.217772,-0.9897562,2.916908,-0.927164,-0.110071,2.870236,-0.7674251,-0.5809171,3.0007,-0.5467941,-0.9233049,3.052391,-0.4535412,-0.8966006,3.063097,
-0.9018084,-0.05450768,2.818972,-0.903399,0.04157633,2.804932,-0.9160155,0.5221924,2.754941,-0.9021831,0.7279472,2.797444,-0.9633655,0.3814025,2.615949,-0.8347077,0.1428475,2.521143,-0.6420155,0.01548775,2.584812,-0.5692234,-0.02102702,2.626987,-0.8613573,0.3654216,2.85387,-0.6854372,0.1456917,2.718545,-0.8318066,0.02612013,2.817818,-0.8805964,-0.01373708,2.856371,-0.9283307,-0.1009319,2.778033,-1.094989,-0.5458741,2.848827,-1.251351,-0.917148,2.898408,-1.208039,-0.9854533,2.919228,-0.8763293,-0.1087403,2.868076,-0.7402861,-0.583045,2.999648,-0.5204353,-0.9188179,3.043175,-0.4143154,-0.9141529,3.0817,
-0.9018084,-0.05450768,2.818972,-0.903399,0.04157633,2.804932,-0.9160155,0.5221924,2.754941,-0.9021831,0.7279472,2.797444,-0.9633655,0.3814025,2.615949,-0.8347077,0.1428475,2.521143,-0.6420155,0.01548775,2.584812,-0.5692234,-0.02102702,2.626987,-0.8613573,0.3654216,2.85387,-0.6854372,0.1456917,2.718545,-0.8318066,0.02612013,2.817818,-0.8805964,-0.01373708,2.856371,-0.9283307,-0.1009319,2.778033,-1.094989,-0.5458741,2.848827,-1.251351,-0.917148,2.898408,-1.208039,-0.9854533,2.919228,-0.8763293,-0.1087403,2.868076,-0.7402861,-0.583045,2.999648,-0.5204353,-0.9188179,3.043175,-0.4143154,-0.9141529,3.0817,
-0.8525255,-0.04182544,2.812694,-0.8590112,0.05200089,2.800868,-0.8888879,0.5234983,2.759184,-0.8473132,0.7258068,2.811484,-0.9231756,0.3814114,2.623744,-0.8143985,0.1448105,2.526918,-0.591521,0.001599238,2.594469,-0.521361,-0.02578221,2.645433,-0.8166305,0.3696982,2.854346,-0.6492643,0.1448087,2.722182,-0.5665067,-0.001954705,2.564347,-0.5389208,-0.05087583,2.517198,-0.8742119,-0.07893681,2.78321,-1.043906,-0.550794,2.844102,-1.246502,-0.9185779,2.900676,-1.187227,-0.9735297,2.912834,-0.8270642,-0.08410255,2.847181,-0.690564,-0.5796697,3.000769,-0.5254029,-0.9255528,3.037024,-0.4512413,-0.963178,3.049164,
-0.8525255,-0.04182544,2.812694,-0.8590112,0.05200089,2.800868,-0.8888879,0.5234983,2.759184,-0.8473132,0.7258068,2.811484,-0.9231756,0.3814114,2.623744,-0.8143985,0.1448105,2.526918,-0.591521,0.001599238,2.594469,-0.521361,-0.02578221,2.645433,-0.8166305,0.3696982,2.854346,-0.6492643,0.1448087,2.722182,-0.5665067,-0.001954705,2.564347,-0.5389208,-0.05087583,2.517198,-0.8742119,-0.07893681,2.78321,-1.043906,-0.550794,2.844102,-1.246502,-0.9185779,2.900676,-1.187227,-0.9735297,2.912834,-0.8270642,-0.08410255,2.847181,-0.690564,-0.5796697,3.000769,-0.5254029,-0.9255528,3.037024,-0.4512413,-0.963178,3.049164,
-0.7980386,-0.002684683,2.816562,-0.8047335,0.08364303,2.804725,-0.8382083,0.5152816,2.765384,-0.7804081,0.6920173,2.789952,-0.8726876,0.3745316,2.62864,-0.7623141,0.1406364,2.536075,-0.5737218,-0.002947072,2.598396,-0.5098844,-0.02950793,2.642859,-0.7774812,0.3621348,2.858526,-0.606105,0.1371937,2.74378,-0.5269191,-0.01503512,2.593395,-0.4872868,-0.04814633,2.651576,-0.8173737,-0.03972825,2.785993,-0.9491512,-0.5415589,2.865302,-1.231073,-0.9215529,2.902556,-1.181281,-0.984808,2.92122,-0.7724947,-0.04570013,2.852532,-0.6769941,-0.5247663,2.994202,-0.5272543,-0.9289602,3.03264,-0.4236422,-0.9668386,3.050793,
-0.7980386,-0.002684683,2.816562,-0.8047335,0.08364303,2.804725,-0.8382083,0.5152816,2.765384,-0.7804081,0.6920173,2.789952,-0.8726876,0.3745316,2.62864,-0.7623141,0.1406364,2.536075,-0.5737218,-0.002947072,2.598396,-0.5098844,-0.02950793,2.642859,-0.7774812,0.3621348,2.858526,-0.606105,0.1371937,2.74378,-0.5269191,-0.01503512,2.593395,-0.4872868,-0.04814633,2.651576,-0.8173737,-0.03972825,2.785993,-0.9491512,-0.5415589,2.865302,-1.231073,-0.9215529,2.902556,-1.181281,-0.984808,2.92122,-0.7724947,-0.04570013,2.852532,-0.6769941,-0.5247663,2.994202,-0.5272543,-0.9289602,3.03264,-0.4236422,-0.9668386,3.050793,
-0.7482182,-0.02551,2.831793,-0.7558233,0.06572297,2.818517,-0.7979603,0.5212755,2.771271,-0.737481,0.6992228,2.79944,-0.8414715,0.3761739,2.632227,-0.7419564,0.1396951,2.541229,-0.5606834,-0.007164406,2.601815,-0.4958871,-0.03719567,2.645372,-0.7288201,0.3678409,2.865582,-0.6827416,0.1495058,2.849725,-0.8168952,0.2787247,2.7232,-0.861613,0.3217976,2.686416,-0.7675131,-0.06790899,2.791214,-0.903047,-0.4966705,2.831864,-1.181086,-0.8796197,2.897379,-1.103263,-0.9236332,2.864141,-0.7209817,-0.07838231,2.879981,-0.6415231,-0.5595388,3.00432,-0.5401122,-0.9298995,3.023285,-0.453985,-0.9764524,3.035159,
-0.7482182,-0.02551,2.831793,-0.7558233,0.06572297,2.818517,-0.7979603,0.5212755,2.771271,-0.737481,0.6992228,2.79944,-0.8414715,0.3761739,2.632227,-0.7419564,0.1396951,2.541229,-0.5606834,-0.007164406,2.601815,-0.4958871,-0.03719567,2.645372,-0.7288201,0.3678409,2.865582,-0.6827416,0.1495058,2.849725,-0.8168952,0.2787247,2.7232,-0.861613,0.3217976,2.686416,-0.7675131,-0.06790899,2.791214,-0.903047,-0.4966705,2.831864,-1.181086,-0.8796197,2.897379,-1.103263,-0.9236332,2.864141,-0.7209817,-0.07838231,2.879981,-0.6415231,-0.5595388,3.00432,-0.5401122,-0.9298995,3.023285,-0.453985,-0.9764524,3.035159,
-0.6987624,-0.02587497,2.85081,-0.7070096,0.06665251,2.834018,-0.7482454,0.5292899,2.769843,-0.7137869,0.7235696,2.805173,-0.7917352,0.3850091,2.641453,-0.7238461,0.1462596,2.549774,-0.5109138,-0.02885117,2.618821,-0.4497478,-0.04865761,2.661614,-0.6862274,0.3747449,2.863703,-0.6408618,0.1663422,2.830852,-0.5044664,-0.004749134,2.718322,-0.4480076,-0.08395813,2.680157,-0.716868,-0.0566865,2.825281,-0.8594834,-0.5530548,2.835636,-1.159905,-0.8967962,2.905641,-1.172706,-0.9750133,2.895887,-0.6756086,-0.07440598,2.885343,-0.620368,-0.5517814,3.010834,-0.5423884,-0.9288727,3.0235,-0.4538527,-0.9766948,3.035236,
-0.6987624,-0.02587497,2.85081,-0.7070096,0.06665251,2.834018,-0.7482454,0.5292899,2.769843,-0.7137869,0.7235696,2.805173,-0.7917352,0.3850091,2.641453,-0.7238461,0.1462596,2.549774,-0.5109138,-0.02885117,2.618821,-0.4497478,-0.04865761,2.661614,-0.6862274,0.3747449,2.863703,-0.6408618,0.1663422,2.830852,-0.5044664,-0.004749134,2.718322,-0.4480076,-0.08395813,2.680157,-0.716868,-0.0566865,2.825281,-0.8594834,-0.5530548,2.835636,-1.159905,-0.8967962,2.905641,-1.172706,-0.9750133,2.895887,-0.6756086,-0.07440598,2.885343,-0.620368,-0.5517814,3.010834,-0.5423884,-0.9288727,3.0235,-0.4538527,-0.9766948,3.035236,
-0.6569762,-0.01014953,2.856212,-0.6661204,0.08101803,2.83953,-0.7113775,0.5374261,2.77591,-0.6340239,0.7052584,2.813242,-0.7481522,0.3932268,2.644808,-0.692664,0.1545411,2.557465,-0.5008841,-0.0414412,2.619992,-0.4320913,-0.1155715,2.654749,-0.6436146,0.3839711,2.870066,-0.5880833,0.1810459,2.852436,-0.5180608,0.004584609,2.650835,-0.4553286,-0.07812515,2.660891,-0.6742905,-0.04706552,2.827326,-0.7568876,-0.552147,2.835071,-1.100938,-0.8798246,2.900557,-1.123881,-0.9738727,2.917462,-0.630564,-0.05880563,2.895424,-0.5882154,-0.5661396,3.021581,-0.5414822,-0.9239129,3.024768,-0.4500435,-0.9775228,3.047892,
-0.6569762,-0.01014953,2.856212,-0.6661204,0.08101803,2.83953,-0.7113775,0.5374261,2.77591,-0.6340239,0.7052584,2.813242,-0.7481522,0.3932268,2.644808,-0.692664,0.1545411,2.557465,-0.5008841,-0.0414412,2.619992,-0.4320913,-0.1155715,2.654749,-0.6436146,0.3839711,2.870066,-0.5880833,0.1810459,2.852436,-0.5180608,0.004584609,2.650835,-0.4553286,-0.07812515,2.660891,-0.6742905,-0.04706552,2.827326,-0.7568876,-0.552147,2.835071,-1.100938,-0.8798246,2.900557,-1.123881,-0.9738727,2.917462,-0.630564,-0.05880563,2.895424,-0.5882154,-0.5661396,3.021581,-0.5414822,-0.9239129,3.024768,-0.4500435,-0.9775228,3.047892,
-0.6186816,-0.009899624,2.841798,-0.6270368,0.08115482,2.827672,-0.6666427,0.5364349,2.776699,-0.5913118,0.707375,2.809292,-0.7148576,0.3919662,2.642847,-0.6708362,0.1533598,2.570838,-0.4956523,-0.05183379,2.622825,-0.4427967,-0.1121793,2.65011,-0.5687008,0.3206749,2.865408,-0.5556177,0.1150743,2.848493,-0.4813839,-0.0504307,2.650391,-0.4261915,-0.10964,2.664774,-0.6560668,-0.05408866,2.803519,-0.671551,-0.5671057,2.859618,-1.034878,-0.8825135,2.893047,-1.059018,-0.9634904,2.894715,-0.568867,-0.06554057,2.892684,-0.5662581,-0.5713218,3.013976,-0.5407176,-0.9267721,3.024582,-0.4483359,-0.9788684,3.047396,
-0.6186816,-0.009899624,2.841798,-0.6270368,0.08115482,2.827672,-0.6666427,0.5364349,2.776699,-0.5913118,0.707375,2.809292,-0.7148576,0.3919662,2.642847,-0.6708362,0.1533598,2.570838,-0.4956523,-0.05183379,2.622825,-0.4427967,-0.1121793,2.65011,-0.5687008,0.3206749,2.865408,-0.5556177,0.1150743,2.848493,-0.4813839,-0.0504307,2.650391,-0.4261915,-0.10964,2.664774,-0.6560668,-0.05408866,2.803519,-0.671551,-0.5671057,2.859618,-1.034878,-0.8825135,2.893047,-1.059018,-0.9634904,2.894715,-0.568867,-0.06554057,2.892684,-0.5662581,-0.5713218,3.013976,-0.5407176,-0.9267721,3.024582,-0.4483359,-0.9788684,3.047396,
-0.5629059,0.002546608,2.851625,-0.5735661,0.09368162,2.835605,-0.6333577,0.5472481,2.77513,-0.5787917,0.7462432,2.815009,-0.6716464,0.3973167,2.640907,-0.6439983,0.1482688,2.577046,-0.4947838,-0.06151155,2.62231,-0.4438313,-0.1305812,2.651281,-0.5476978,0.3342419,2.875116,-0.5057385,0.1353561,2.854472,-0.4492031,-0.05083019,2.659052,-0.383743,-0.101824,2.674886,-0.589573,-0.05081595,2.815185,-0.6150813,-0.5632008,2.83925,-0.9579114,-0.8954138,2.885842,-0.8954625,-0.9793779,2.918948,-0.5247313,-0.04246958,2.899005,-0.5236731,-0.5804815,2.98506,-0.5388508,-0.9315314,3.025287,-0.4555609,-0.9814224,3.040837,
-0.5629059,0.002546608,2.851625,-0.5735661,0.09368162,2.835605,-0.6333577,0.5472481,2.77513,-0.5787917,0.7462432,2.815009,-0.6716464,0.3973167,2.640907,-0.6439983,0.1482688,2.577046,-0.4947838,-0.06151155,2.62231,-0.4438313,-0.1305812,2.651281,-0.5476978,0.3342419,2.875116,-0.5057385,0.1353561,2.854472,-0.4492031,-0.05083019,2.659052,-0.383743,-0.101824,2.674886,-0.589573,-0.05081595,2.815185,-0.6150813,-0.5632008,2.83925,-0.9579114,-0.8954138,2.885842,-0.8954625,-0.9793779,2.918948,-0.5247313,-0.04246958,2.899005,-0.5236731,-0.5804815,2.98506,-0.5388508,-0.9315314,3.025287,-0.4555609,-0.9814224,3.040837,
-0.5327525,0.003288299,2.848901,-0.5422274,0.09434488,2.833189,-0.5835148,0.5496075,2.774068,-0.5478844,0.7450958,2.808302,-0.6370779,0.4042738,2.647552,-0.6267254,0.1560777,2.583981,-0.4911131,-0.07331367,2.625377,-0.444485,-0.1443427,2.652612,-0.4967238,0.3393869,2.877944,-0.4521395,0.1022257,2.915474,-0.422749,-0.09704386,2.865753,-0.3939088,-0.1653395,2.851462,-0.5619201,-0.05226463,2.810776,-0.5313126,-0.5248041,2.825974,-0.8520592,-0.880186,2.87432,-0.8171702,-0.9617287,2.881483,-0.4922419,-0.04344659,2.898206,-0.491076,-0.5992932,2.90492,-0.53719,-0.9229983,3.022735,-0.4613884,-0.9819531,3.038098,
-0.5327525,0.003288299,2.848901,-0.5422274,0.09434488,2.833189,-0.5835148,0.5496075,2.774068,-0.5478844,0.7450958,2.808302,-0.6370779,0.4042738,2.647552,-0.6267254,0.1560777,2.583981,-0.4911131,-0.07331367,2.625377,-0.444485,-0.1443427,2.652612,-0.4967238,0.3393869,2.877944,-0.4521395,0.1022257,2.915474,-0.422749,-0.09704386,2.865753,-0.3939088,-0.1653395,2.851462,-0.5619201,-0.05226463,2.810776,-0.5313126,-0.5248041,2.825974,-0.8520592,-0.880186,2.87432,-0.8171702,-0.9617287,2.881483,-0.4922419,-0.04344659,2.898206,-0.491076,-0.5992932,2.90492,-0.53719,-0.9229983,3.022735,-0.4613884,-0.9819531,3.038098,
-0.4742184,0.02446595,2.865332,-0.4863919,0.1139603,2.848517,-0.5549284,0.5589311,2.781544,-0.5046465,0.7610797,2.812636,-0.6041881,0.4091325,2.649001,-0.6007307,0.1479675,2.592317,-0.4942562,-0.07324533,2.621669,-0.4488871,-0.157253,2.644227,-0.4833373,0.4144345,2.874874,-0.4271586,0.148395,2.912367,-0.3934221,-0.05597292,2.890423,-0.3710555,-0.1254449,2.907185,-0.4963388,-0.02932929,2.832113,-0.4629844,-0.5158941,2.839997,-0.7454889,-0.8969408,2.869566,-0.70146,-0.9920626,2.870897,-0.4405026,-0.006981692,2.909019,-0.5603147,-0.4740606,2.97901,-0.5377375,-0.9224586,3.021651,-0.4842582,-0.9825298,3.020182,
-0.4742184,0.02446595,2.865332,-0.4863919,0.1139603,2.848517,-0.5549284,0.5589311,2.781544,-0.5046465,0.7610797,2.812636,-0.6041881,0.4091325,2.649001,-0.6007307,0.1479675,2.592317,-0.4942562,-0.07324533,2.621669,-0.4488871,-0.157253,2.644227,-0.4833373,0.4144345,2.874874,-0.4271586,0.148395,2.912367,-0.3934221,-0.05597292,2.890423,-0.3710555,-0.1254449,2.907185,-0.4963388,-0.02932929,2.832113,-0.4629844,-0.5158941,2.839997,-0.7454889,-0.8969408,2.869566,-0.70146,-0.9920626,2.870897,-0.4405026,-0.006981692,2.909019,-0.5603147,-0.4740606,2.97901,-0.5377375,-0.9224586,3.021651,-0.4842582,-0.9825298,3.020182,
-0.4337637,0.04566957,2.854498,-0.4482527,0.1305185,2.839368,-0.5108035,0.5596231,2.780202,-0.403334,0.7111615,2.824904,-0.5577157,0.4124398,2.656872,-0.5786128,0.1416509,2.597151,-0.4845548,-0.09314612,2.617535,-0.4528638,-0.1679659,2.633301,-0.4523464,0.4130428,2.871956,-0.3857809,0.1456897,2.911196,-0.3529461,-0.0605882,2.873211,-0.3500984,-0.07862875,2.898907,-0.4585714,-0.02354104,2.810379,-0.3734323,-0.5181959,2.841267,-0.6163274,-0.9047151,2.8787,-0.5445289,-0.9755805,2.86646,-0.3949063,0.0209001,2.910252,-0.5249267,-0.5166314,3.003632,-0.5046049,-0.9231098,2.962039,-0.4769469,-0.9771767,3.014336,
-0.4337637,0.04566957,2.854498,-0.4482527,0.1305185,2.839368,-0.5108035,0.5596231,2.780202,-0.403334,0.7111615,2.824904,-0.5577157,0.4124398,2.656872,-0.5786128,0.1416509,2.597151,-0.4845548,-0.09314612,2.617535,-0.4528638,-0.1679659,2.633301,-0.4523464,0.4130428,2.871956,-0.3857809,0.1456897,2.911196,-0.3529461,-0.0605882,2.873211,-0.3500984,-0.07862875,2.898907,-0.4585714,-0.02354104,2.810379,-0.3734323,-0.5181959,2.841267,-0.6163274,-0.9047151,2.8787,-0.5445289,-0.9755805,2.86646,-0.3949063,0.0209001,2.910252,-0.5249267,-0.5166314,3.003632,-0.5046049,-0.9231098,2.962039,-0.4769469,-0.9771767,3.014336,
-0.3991211,0.01957246,2.85974,-0.4114987,0.1100368,2.843992,-0.4710092,0.5606664,2.784335,-0.4112038,0.7565548,2.80561,-0.5330075,0.4149781,2.659691,-0.5543308,0.1372629,2.596059,-0.4832687,-0.09248304,2.613328,-0.4522802,-0.1846201,2.624059,-0.4034118,0.4213217,2.864235,-0.3700657,0.179611,2.83942,-0.3193578,-0.009518236,2.902304,-0.3131407,-0.07764862,2.931082,-0.4153064,-0.02028733,2.81968,-0.3279502,-0.5408149,2.850951,-0.4993198,-0.9326617,2.886594,-0.4076147,-0.9896022,2.875424,-0.368935,-0.03662648,2.910125,-0.485562,-0.5397275,3.003111,-0.5578337,-0.8863371,2.986173,-0.4641594,-0.9407388,2.979661,
-0.3991211,0.01957246,2.85974,-0.4114987,0.1100368,2.843992,-0.4710092,0.5606664,2.784335,-0.4112038,0.7565548,2.80561,-0.5330075,0.4149781,2.659691,-0.5543308,0.1372629,2.596059,-0.4832687,-0.09248304,2.613328,-0.4522802,-0.1846201,2.624059,-0.4034118,0.4213217,2.864235,-0.3700657,0.179611,2.83942,-0.3193578,-0.009518236,2.902304,-0.3131407,-0.07764862,2.931082,-0.4153064,-0.02028733,2.81968,-0.3279502,-0.5408149,2.850951,-0.4993198,-0.9326617,2.886594,-0.4076147,-0.9896022,2.875424,-0.368935,-0.03662648,2.910125,-0.485562,-0.5397275,3.003111,-0.5578337,-0.8863371,2.986173,-0.4641594,-0.9407388,2.979661,
-0.3787746,0.02170371,2.836452,-0.3887851,0.110835,2.82513,-0.4287116,0.5554556,2.784941,-0.3456212,0.7188964,2.794784,-0.4832853,0.4057207,2.664388,-0.5348875,0.1332012,2.595909,-0.4777983,-0.09834826,2.608465,-0.450755,-0.188754,2.617048,-0.3697067,0.4256393,2.85473,-0.3281533,0.1932178,2.847545,-0.2811373,0.01314393,3.049376,-0.2558356,-0.05197006,3.073239,-0.3953073,-0.01710094,2.785463,-0.2557827,-0.526029,2.837896,-0.3903967,-0.9470907,2.899519,-0.2897079,-0.9833685,2.87734,-0.3510026,-0.0381626,2.891851,-0.4687364,-0.5426118,3.008987,-0.5249503,-0.9361213,2.99948,-0.4266589,-0.9539582,2.95513,
-0.3787746,0.02170371,2.836452,-0.3887851,0.110835,2.82513,-0.4287116,0.5554556,2.784941,-0.3456212,0.7188964,2.794784,-0.4832853,0.4057207,2.664388,-0.5348875,0.1332012,2.595909,-0.4777983,-0.09834826,2.608465,-0.450755,-0.188754,2.617048,-0.3697067,0.4256393,2.85473,-0.3281533,0.1932178,2.847545,-0.2811373,0.01314393,3.049376,-0.2558356,-0.05197006,3.073239,-0.3953073,-0.01710094,2.785463,-0.2557827,-0.526029,2.837896,-0.3903967,-0.9470907,2.899519,-0.2897079,-0.9833685,2.87734,-0.3510026,-0.0381626,2.891851,-0.4687364,-0.5426118,3.008987,-0.5249503,-0.9361213,2.99948,-0.4266589,-0.9539582,2.95513,
-0.3289911,0.02600545,2.847301,-0.3388513,0.1141336,2.833841,-0.3958011,0.5549028,2.785299,-0.2937789,0.7107931,2.799191,-0.4518789,0.4156522,2.669782,-0.5116484,0.1355318,2.596211,-0.4705215,-0.1040814,2.600126,-0.4445714,-0.197383,2.61575,-0.3235791,0.4432304,2.859845,-0.2811916,0.1569737,2.842601,-0.233903,-0.006480485,3.061585,-0.1910271,-0.06267883,3.081747,-0.3464752,-0.02246812,2.799801,-0.1865102,-0.5218894,2.836874,-0.2250337,-0.96092,2.860927,-0.1199685,-0.9918343,2.864378,-0.2996173,-0.03179038,2.904134,-0.4466713,-0.5316155,3.011079,-0.5153522,-0.9399153,3.007473,-0.4572567,-0.9895681,3.034282,
-0.3289911,0.02600545,2.847301,-0.3388513,0.1141336,2.833841,-0.3958011,0.5549028,2.785299,-0.2937789,0.7107931,2.799191,-0.4518789,0.4156522,2.669782,-0.5116484,0.1355318,2.596211,-0.4705215,-0.1040814,2.600126,-0.4445714,-0.197383,2.61575,-0.3235791,0.4432304,2.859845,-0.2811916,0.1569737,2.842601,-0.233903,-0.006480485,3.061585,-0.1910271,-0.06267883,3.081747,-0.3464752,-0.02246812,2.799801,-0.1865102,-0.5218894,2.836874,-0.2250337,-0.96092,2.860927,-0.1199685,-0.9918343,2.864378,-0.2996173,-0.03179038,2.904134,-0.4466713,-0.5316155,3.011079,-0.5153522,-0.9399153,3.007473,-0.4572567,-0.9895681,3.034282,
-0.3177407,0.02611381,2.832433,-0.3246549,0.1147326,2.82148,-0.3414013,0.5597651,2.78653,-0.2686833,0.731923,2.791358,-0.4123555,0.4123728,2.670103,-0.4841619,0.1303518,2.595839,-0.4561812,-0.1037327,2.599838,-0.4409006,-0.2012294,2.61206,-0.2867811,0.4406441,2.855282,-0.2208513,0.1644658,2.902584,-0.1684503,-0.02115095,3.109519,-0.1143918,-0.06964408,3.120846,-0.3388095,-0.01873309,2.784493,-0.1367787,-0.5309407,2.840247,-0.1059921,-0.9489042,2.844834,0.00322479,-0.9756979,2.847773,-0.2876449,-0.03274102,2.885391,-0.4323828,-0.5297871,3.009691,-0.5182351,-0.9241703,2.99098,-0.4422253,-0.9814346,3.050964,
-0.3177407,0.02611381,2.832433,-0.3246549,0.1147326,2.82148,-0.3414013,0.5597651,2.78653,-0.2686833,0.731923,2.791358,-0.4123555,0.4123728,2.670103,-0.4841619,0.1303518,2.595839,-0.4561812,-0.1037327,2.599838,-0.4409006,-0.2012294,2.61206,-0.2867811,0.4406441,2.855282,-0.2208513,0.1644658,2.902584,-0.1684503,-0.02115095,3.109519,-0.1143918,-0.06964408,3.120846,-0.3388095,-0.01873309,2.784493,-0.1367787,-0.5309407,2.840247,-0.1059921,-0.9489042,2.844834,0.00322479,-0.9756979,2.847773,-0.2876449,-0.03274102,2.885391,-0.4323828,-0.5297871,3.009691,-0.5182351,-0.9241703,2.99098,-0.4422253,-0.9814346,3.050964,
-0.2783426,0.01677466,2.813728,-0.2803543,0.1054289,2.805954,-0.299455,0.5509246,2.789033,-0.2084213,0.7167826,2.801377,-0.3611614,0.4021194,2.672173,-0.4492096,0.1246619,2.600549,-0.4349713,-0.1180489,2.596861,-0.426081,-0.2169987,2.603544,-0.2135234,0.3369336,2.87383,-0.2132216,0.1216697,2.813808,-0.1315095,0.006951861,3.056589,-0.08320427,-0.04810695,3.06378,-0.3144501,-0.018283,2.766422,-0.1197421,-0.445011,2.833702,0.01260282,-0.9066997,2.847449,0.1147464,-0.953168,2.836857,-0.2404262,-0.05677999,2.86553,-0.4207817,-0.5319968,3.010414,-0.5173255,-0.9235241,2.990364,-0.4703951,-0.9836938,3.023799,
-0.2783426,0.01677466,2.813728,-0.2803543,0.1054289,2.805954,-0.299455,0.5509246,2.789033,-0.2084213,0.7167826,2.801377,-0.3611614,0.4021194,2.672173,-0.4492096,0.1246619,2.600549,-0.4349713,-0.1180489,2.596861,-0.426081,-0.2169987,2.603544,-0.2135234,0.3369336,2.87383,-0.2132216,0.1216697,2.813808,-0.1315095,0.006951861,3.056589,-0.08320427,-0.04810695,3.06378,-0.3144501,-0.018283,2.766422,-0.1197421,-0.445011,2.833702,0.01260282,-0.9066997,2.847449,0.1147464,-0.953168,2.836857,-0.2404262,-0.05677999,2.86553,-0.4207817,-0.5319968,3.010414,-0.5173255,-0.9235241,2.990364,-0.4703951,-0.9836938,3.023799,
-0.2437679,0.03124768,2.811601,-0.2456951,0.1176968,2.804606,-0.2475078,0.550986,2.788653,-0.1758665,0.7261465,2.793991,-0.3336357,0.4012665,2.672026,-0.4107817,0.1204811,2.601146,-0.420323,-0.1205755,2.587119,-0.4089774,-0.219925,2.600019,-0.1783619,0.3800337,2.872571,-0.1866162,0.1685198,2.79331,-0.09659018,0.03940624,3.026437,-0.000897688,-0.08439898,3.164425,-0.26897,-0.002766822,2.755405,-0.07892036,-0.4800127,2.843662,0.08854415,-0.9316869,2.853976,0.197644,-0.958311,2.843064,-0.2144557,-0.04420318,2.868023,-0.4011377,-0.5346243,3.013581,-0.5117354,-0.9227958,2.987696,-0.4646183,-0.9801847,3.025662,
-0.2437679,0.03124768,2.811601,-0.2456951,0.1176968,2.804606,-0.2475078,0.550986,2.788653,-0.1758665,0.7261465,2.793991,-0.3336357,0.4012665,2.672026,-0.4107817,0.1204811,2.601146,-0.420323,-0.1205755,2.587119,-0.4089774,-0.219925,2.600019,-0.1783619,0.3800337,2.872571,-0.1866162,0.1685198,2.79331,-0.09659018,0.03940624,3.026437,-0.000897688,-0.08439898,3.164425,-0.26897,-0.002766822,2.755405,-0.07892036,-0.4800127,2.843662,0.08854415,-0.9316869,2.853976,0.197644,-0.958311,2.843064,-0.2144557,-0.04420318,2.868023,-0.4011377,-0.5346243,3.013581,-0.5117354,-0.9227958,2.987696,-0.4646183,-0.9801847,3.025662,
-0.2097987,0.02155396,2.794354,-0.2095295,0.1075537,2.78933,-0.2108228,0.5386704,2.784276,-0.1522227,0.7164255,2.787287,-0.2803921,0.3831011,2.669081,-0.3733266,0.1070324,2.598462,-0.3702333,-0.1545124,2.581205,-0.3724658,-0.2378254,2.59174,-0.1175727,0.3195887,2.883287,-0.09616245,0.1023309,3.050535,0.006477244,-0.03862041,3.16517,0.05852821,-0.08955234,3.177651,-0.2554216,-0.01452548,2.750993,-0.04821156,-0.503908,2.840704,0.1678362,-0.9353127,2.860774,0.2658937,-0.9737453,2.858967,-0.1640546,-0.04675245,2.834583,-0.3452312,-0.5277122,3.0018,-0.509729,-0.9207504,2.987024,-0.4399591,-0.9835054,3.050621,
-0.2097987,0.02155396,2.794354,-0.2095295,0.1075537,2.78933,-0.2108228,0.5386704,2.784276,-0.1522227,0.7164255,2.787287,-0.2803921,0.3831011,2.669081,-0.3733266,0.1070324,2.598462,-0.3702333,-0.1545124,2.581205,-0.3724658,-0.2378254,2.59174,-0.1175727,0.3195887,2.883287,-0.09616245,0.1023309,3.050535,0.006477244,-0.03862041,3.16517,0.05852821,-0.08955234,3.177651,-0.2554216,-0.01452548,2.750993,-0.04821156,-0.503908,2.840704,0.1678362,-0.9353127,2.860774,0.2658937,-0.9737453,2.858967,-0.1640546,-0.04675245,2.834583,-0.3452312,-0.5277122,3.0018,-0.509729,-0.9207504,2.987024,-0.4399591,-0.9835054,3.050621,
-0.1437489,0.01234226,2.8049,-0.1463229,0.09867202,2.797878,-0.1591928,0.5303209,2.781292,-0.106555,0.713226,2.782778,-0.2417206,0.3826948,2.666432,-0.3244035,0.1031902,2.598558,-0.334699,-0.1490576,2.581387,-0.3337011,-0.2467146,2.584839,-0.07187837,0.3097619,2.854337,-0.04452931,0.1254876,3.051978,0.06836034,-0.06952819,3.167897,0.1331953,-0.1009583,3.17808,-0.186398,-0.03829924,2.757652,0.0516982,-0.4760993,2.869855,0.1769746,-0.9446791,2.865665,0.2754845,-0.9763429,2.864949,-0.09767792,-0.0517845,2.854021,-0.3627034,-0.5547075,3.005774,-0.505168,-0.9178222,2.985727,-0.4385896,-0.9836337,3.051063,
-0.1437489,0.01234226,2.8049,-0.1463229,0.09867202,2.797878,-0.1591928,0.5303209,2.781292,-0.106555,0.713226,2.782778,-0.2417206,0.3826948,2.666432,-0.3244035,0.1031902,2.598558,-0.334699,-0.1490576,2.581387,-0.3337011,-0.2467146,2.584839,-0.07187837,0.3097619,2.854337,-0.04452931,0.1254876,3.051978,0.06836034,-0.06952819,3.167897,0.1331953,-0.1009583,3.17808,-0.186398,-0.03829924,2.757652,0.0516982,-0.4760993,2.869855,0.1769746,-0.9446791,2.865665,0.2754845,-0.9763429,2.864949,-0.09767792,-0.0517845,2.854021,-0.3627034,-0.5547075,3.005774,-0.505168,-0.9178222,2.985727,-0.4385896,-0.9836337,3.051063,
-0.1174193,0.0234563,2.789078,-0.1179165,0.1080239,2.783911,-0.1149194,0.5305884,2.77631,-0.04960058,0.7182102,2.779262,-0.1871711,0.3773127,2.661872,-0.2802448,0.1009492,2.591074,-0.2835068,-0.1583432,2.572495,-0.288581,-0.247224,2.580835,-0.01850378,0.3067199,2.863035,0.01696156,0.1058217,2.909307,0.09170976,-0.05196908,3.131363,0.1312923,-0.107978,3.156047,-0.1607916,-0.02464469,2.743207,0.05454716,-0.4749164,2.849694,0.1773067,-0.9420931,2.867096,0.282608,-0.9854847,2.885778,-0.07327974,-0.04263954,2.83432,-0.3183799,-0.5852857,2.999335,-0.4716702,-0.9095396,2.963396,-0.4414846,-0.9880221,3.04245,
-0.1174193,0.0234563,2.789078,-0.1179165,0.1080239,2.783911,-0.1149194,0.5305884,2.77631,-0.04960058,0.7182102,2.779262,-0.1871711,0.3773127,2.661872,-0.2802448,0.1009492,2.591074,-0.2835068,-0.1583432,2.572495,-0.288581,-0.247224,2.580835,-0.01850378,0.3067199,2.863035,0.01696156,0.1058217,2.909307,0.09170976,-0.05196908,3.131363,0.1312923,-0.107978,3.156047,-0.1607916,-0.02464469,2.743207,0.05454716,-0.4749164,2.849694,0.1773067,-0.9420931,2.867096,0.282608,-0.9854847,2.885778,-0.07327974,-0.04263954,2.83432,-0.3183799,-0.5852857,2.999335,-0.4716702,-0.9095396,2.963396,-0.4414846,-0.9880221,3.04245,
-0.0715723,0.02092241,2.761632,-0.07033144,0.1062765,2.760166,-0.06412716,0.5330468,2.771264,0.01411774,0.6989258,2.772523,-0.1415043,0.3790439,2.65855,-0.2244091,0.1009921,2.582886,-0.2216679,-0.1654295,2.568854,-0.2273287,-0.2505682,2.575991,0.02130053,0.3153511,2.863112,0.06125809,0.1044046,2.866014,0.1030269,-0.03370421,3.106845,0.1588307,-0.07888168,3.09859,-0.1142759,-0.02068457,2.718734,0.09071106,-0.4607088,2.822809,0.1733572,-0.9316387,2.871541,0.2756326,-0.9854943,2.884735,-0.03041813,-0.04404918,2.799389,-0.0231613,-0.5295097,2.894425,-0.3793828,-0.8420583,2.965627,-0.3996194,-0.943187,3.019463,
-0.0715723,0.02092241,2.761632,-0.07033144,0.1062765,2.760166,-0.06412716,0.5330468,2.771264,0.01411774,0.6989258,2.772523,-0.1415043,0.3790439,2.65855,-0.2244091,0.1009921,2.582886,-0.2216679,-0.1654295,2.568854,-0.2273287,-0.2505682,2.575991,0.02130053,0.3153511,2.863112,0.06125809,0.1044046,2.866014,0.1030269,-0.03370421,3.106845,0.1588307,-0.07888168,3.09859,-0.1142759,-0.02068457,2.718734,0.09071106,-0.4607088,2.822809,0.1733572,-0.9316387,2.871541,0.2756326,-0.9854943,2.884735,-0.03041813,-0.04404918,2.799389,-0.0231613,-0.5295097,2.894425,-0.3793828,-0.8420583,2.965627,-0.3996194,-0.943187,3.019463,
0.01195373,0.02638655,2.801294,0.006439746,0.1104377,2.792868,-0.02705842,0.5310177,2.769392,0.08598866,0.6800795,2.786517,-0.09639954,0.3826201,2.648391,-0.1714157,0.1003277,2.575762,-0.1700213,-0.1704475,2.558683,-0.1640361,-0.251687,2.568707,0.0627109,0.3311258,2.848378,0.09464816,0.08919886,2.848167,0.1467095,-0.02906803,3.098598,0.1729014,-0.09490898,3.110042,-0.02456677,-0.02723947,2.758321,0.1348896,-0.467974,2.815708,0.1811595,-0.9363646,2.867383,0.2549302,-0.9859704,2.873086,0.05566516,-0.02960073,2.84799,0.02739687,-0.535782,2.89176,-0.334562,-0.8377719,2.971519,-0.3751994,-0.9359581,3.018322,
0.01195373,0.02638655,2.801294,0.006439746,0.1104377,2.792868,-0.02705842,0.5310177,2.769392,0.08598866,0.6800795,2.786517,-0.09639954,0.3826201,2.648391,-0.1714157,0.1003277,2.575762,-0.1700213,-0.1704475,2.558683,-0.1640361,-0.251687,2.568707,0.0627109,0.3311258,2.848378,0.09464816,0.08919886,2.848167,0.1467095,-0.02906803,3.098598,0.1729014,-0.09490898,3.110042,-0.02456677,-0.02723947,2.758321,0.1348896,-0.467974,2.815708,0.1811595,-0.9363646,2.867383,0.2549302,-0.9859704,2.873086,0.05566516,-0.02960073,2.84799,0.02739687,-0.535782,2.89176,-0.334562,-0.8377719,2.971519,-0.3751994,-0.9359581,3.018322,
0.05155013,0.03701476,2.781697,0.04591338,0.1229375,2.777446,0.02314212,0.5547315,2.773471,0.07172075,0.7383014,2.774479,-0.05882582,0.3967898,2.651297,-0.1170705,0.1105115,2.571741,-0.09648874,-0.1645838,2.559126,-0.0882298,-0.2394268,2.566066,0.1084475,0.355722,2.852213,0.1306004,0.1050453,2.82542,0.1930179,-0.05713929,3.050477,0.221478,-0.1044085,3.095689,0.01846912,-0.00527471,2.740497,0.1614807,-0.5182568,2.812892,0.1840209,-0.9357781,2.864075,0.2754146,-0.9929721,2.890269,0.0935853,-0.02499976,2.820195,0.04837379,-0.5380159,2.90792,-0.30971,-0.8468661,2.992129,-0.3380558,-0.9522182,3.032513,
0.05155013,0.03701476,2.781697,0.04591338,0.1229375,2.777446,0.02314212,0.5547315,2.773471,0.07172075,0.7383014,2.774479,-0.05882582,0.3967898,2.651297,-0.1170705,0.1105115,2.571741,-0.09648874,-0.1645838,2.559126,-0.0882298,-0.2394268,2.566066,0.1084475,0.355722,2.852213,0.1306004,0.1050453,2.82542,0.1930179,-0.05713929,3.050477,0.221478,-0.1044085,3.095689,0.01846912,-0.00527471,2.740497,0.1614807,-0.5182568,2.812892,0.1840209,-0.9357781,2.864075,0.2754146,-0.9929721,2.890269,0.0935853,-0.02499976,2.820195,0.04837379,-0.5380159,2.90792,-0.30971,-0.8468661,2.992129,-0.3380558,-0.9522182,3.032513,
0.1163259,0.05149958,2.796634,0.1067204,0.1351787,2.788908,0.04865916,0.5539007,2.770002,0.09810577,0.7435405,2.772771,-0.01768641,0.4017335,2.650223,-0.06119516,0.1126063,2.567352,-0.03267961,-0.1411758,2.558542,-0.0172875,-0.236149,2.56513,0.1339646,0.3548912,2.848744,0.1644325,0.1101958,2.801192,0.2242229,-0.05248294,3.027597,0.2526616,-0.09971681,3.072775,0.08588134,0.007073322,2.766456,0.1629837,-0.5213901,2.817816,0.1855397,-0.9304841,2.859169,0.2747971,-0.9960918,2.886587,0.1576134,0.0014669,2.829247,0.07318395,-0.5557235,2.918431,-0.2706539,-0.8453761,2.988664,-0.2701898,-0.9316758,3.025246,
0.1163259,0.05149958,2.796634,0.1067204,0.1351787,2.788908,0.04865916,0.5539007,2.770002,0.09810577,0.7435405,2.772771,-0.01768641,0.4017335,2.650223,-0.06119516,0.1126063,2.567352,-0.03267961,-0.1411758,2.558542,-0.0172875,-0.236149,2.56513,0.1339646,0.3548912,2.848744,0.1644325,0.1101958,2.801192,0.2242229,-0.05248294,3.027597,0.2526616,-0.09971681,3.072775,0.08588134,0.007073322,2.766456,0.1629837,-0.5213901,2.817816,0.1855397,-0.9304841,2.859169,0.2747971,-0.9960918,2.886587,0.1576134,0.0014669,2.829247,0.07318395,-0.5557235,2.918431,-0.2706539,-0.8453761,2.988664,-0.2701898,-0.9316758,3.025246,
0.1594732,0.06386214,2.810618,0.1495681,0.1479177,2.800123,0.1039821,0.5694396,2.766643,0.1456973,0.7650002,2.780025,0.03144709,0.4099915,2.646158,0.01166381,0.1184187,2.578075,0.06534803,-0.09423161,2.580684,0.07877509,-0.1896901,2.590799,0.1892875,0.3704301,2.845385,0.2128411,0.1265362,2.796941,0.2739381,-0.0365591,3.023325,0.3025213,-0.08403282,3.068732,0.1310961,0.02138582,2.784016,0.1711711,-0.517513,2.814335,0.1862206,-0.9295297,2.858056,0.2720139,-0.9979064,2.900725,0.1987537,0.01268709,2.842775,0.1073946,-0.5448864,2.925871,-0.1900438,-0.8447551,2.990438,-0.1626995,-0.9368563,3.058453,
0.1594732,0.06386214,2.810618,0.1495681,0.1479177,2.800123,0.1039821,0.5694396,2.766643,0.1456973,0.7650002,2.780025,0.03144709,0.4099915,2.646158,0.01166381,0.1184187,2.578075,0.06534803,-0.09423161,2.580684,0.07877509,-0.1896901,2.590799,0.1892875,0.3704301,2.845385,0.2128411,0.1265362,2.796941,0.2739381,-0.0365591,3.023325,0.3025213,-0.08403282,3.068732,0.1310961,0.02138582,2.784016,0.1711711,-0.517513,2.814335,0.1862206,-0.9295297,2.858056,0.2720139,-0.9979064,2.900725,0.1987537,0.01268709,2.842775,0.1073946,-0.5448864,2.925871,-0.1900438,-0.8447551,2.990438,-0.1626995,-0.9368563,3.058453,
0.1667179,0.06475934,2.809793,0.1603271,0.1480212,2.798705,0.1382232,0.5595194,2.759242,0.1888782,0.746383,2.774022,0.05407828,0.4138413,2.645477,0.08115586,0.1193299,2.577733,0.1820222,-0.1567913,2.612951,0.2052131,-0.2238787,2.613158,0.2235286,0.3605099,2.837984,0.2470822,0.1166161,2.789634,0.3082892,-0.04677282,3.0165,0.3366095,-0.09380989,3.06149,0.1337758,0.01855006,2.78456,0.1830329,-0.5223216,2.813098,0.1845639,-0.9281799,2.855879,0.2512592,-0.9888837,2.875025,0.2126989,0.02204112,2.839827,0.1046435,-0.5777178,2.966667,-0.1352944,-0.8427163,2.961035,-0.07866974,-0.9142254,3.037031,
0.1667179,0.06475934,2.809793,0.1603271,0.1480212,2.798705,0.1382232,0.5595194,2.759242,0.1888782,0.746383,2.774022,0.05407828,0.4138413,2.645477,0.08115586,0.1193299,2.577733,0.1820222,-0.1567913,2.612951,0.2052131,-0.2238787,2.613158,0.2235286,0.3605099,2.837984,0.2470822,0.1166161,2.789634,0.3082892,-0.04677282,3.0165,0.3366095,-0.09380989,3.06149,0.1337758,0.01855006,2.78456,0.1830329,-0.5223216,2.813098,0.1845639,-0.9281799,2.855879,0.2512592,-0.9888837,2.875025,0.2126989,0.02204112,2.839827,0.1046435,-0.5777178,2.966667,-0.1352944,-0.8427163,2.961035,-0.07866974,-0.9142254,3.037031,
0.2347322,0.06782053,2.834683,0.2268421,0.1526344,2.818821,0.1873918,0.576704,2.75786,0.2399682,0.7738141,2.776434,0.1105638,0.4306389,2.643833,0.1414126,0.1422097,2.572831,0.2556216,-0.1095671,2.568191,0.3059531,-0.1805097,2.558015,0.2726973,0.3776944,2.836602,0.2962509,0.1338006,2.788213,0.3575395,-0.02980627,3.015382,0.3857554,-0.07667,3.060206,0.2035361,0.02070534,2.804796,0.2007806,-0.5293071,2.815624,0.1796343,-0.9246829,2.856881,0.2554508,-0.9878606,2.877236,0.2757848,0.008983559,2.877438,0.360409,-0.4777597,2.980776,0.05691597,-0.8539068,3.006078,0.0802761,-0.9549375,3.064226,
0.2347322,0.06782053,2.834683,0.2268421,0.1526344,2.818821,0.1873918,0.576704,2.75786,0.2399682,0.7738141,2.776434,0.1105638,0.4306389,2.643833,0.1414126,0.1422097,2.572831,0.2556216,-0.1095671,2.568191,0.3059531,-0.1805097,2.558015,0.2726973,0.3776944,2.836602,0.2962509,0.1338006,2.788213,0.3575395,-0.02980627,3.015382,0.3857554,-0.07667,3.060206,0.2035361,0.02070534,2.804796,0.2007806,-0.5293071,2.815624,0.1796343,-0.9246829,2.856881,0.2554508,-0.9878606,2.877236,0.2757848,0.008983559,2.877438,0.360409,-0.4777597,2.980776,0.05691597,-0.8539068,3.006078,0.0802761,-0.9549375,3.064226,
0.2204037,0.0393457,2.758573,0.2212278,0.1169102,2.754531,0.225348,0.5047328,2.752671,0.3029945,0.705845,2.774263,0.1610819,0.4265742,2.633492,0.2059833,0.1394853,2.558462,0.341669,-0.08758005,2.532594,0.3865514,-0.1598786,2.53856,0.3106534,0.3057233,2.831414,0.06064896,0.1809379,2.89702,0.1222458,0.01650827,3.125404,0.1503604,-0.0301872,3.170067,0.1837131,0.002995944,2.720417,0.2119432,-0.5321834,2.815916,0.1733064,-0.9198285,2.863197,0.2549893,-0.9874938,2.877571,0.2559296,-0.03395193,2.79458,0.3546154,-0.5705196,2.978882,0.08431572,-0.8339292,2.978447,0.08152842,-0.9147255,3.011081,
0.2204037,0.0393457,2.758573,0.2212278,0.1169102,2.754531,0.225348,0.5047328,2.752671,0.3029945,0.705845,2.774263,0.1610819,0.4265742,2.633492,0.2059833,0.1394853,2.558462,0.341669,-0.08758005,2.532594,0.3865514,-0.1598786,2.53856,0.3106534,0.3057233,2.831414,0.06064896,0.1809379,2.89702,0.1222458,0.01650827,3.125404,0.1503604,-0.0301872,3.170067,0.1837131,0.002995944,2.720417,0.2119432,-0.5321834,2.815916,0.1733064,-0.9198285,2.863197,0.2549893,-0.9874938,2.877571,0.2559296,-0.03395193,2.79458,0.3546154,-0.5705196,2.978882,0.08431572,-0.8339292,2.978447,0.08152842,-0.9147255,3.011081,
0.2997389,0.04651183,2.834892,0.2958899,0.1149168,2.821612,0.2766447,0.4569419,2.773573,0.3112819,0.7141756,2.77886,0.1890562,0.4290276,2.634184,0.2724337,0.1506017,2.541347,0.417451,-0.06761984,2.51709,0.4623673,-0.1427902,2.527294,0.3619501,0.2579323,2.852315,0.09823541,0.1805373,2.887923,0.1600659,0.01548374,3.117227,0.1881002,-0.03107829,3.161762,0.2746373,-0.005117196,2.826695,0.2278371,-0.5402495,2.820532,0.1738343,-0.9210321,2.863838,0.261433,-0.9893,2.879645,0.3314579,-0.01946135,2.856354,0.4347221,-0.5302183,2.986171,0.3206175,-0.8920048,3.006407,0.3910041,-0.9422691,2.952554,
0.2997389,0.04651183,2.834892,0.2958899,0.1149168,2.821612,0.2766447,0.4569419,2.773573,0.3112819,0.7141756,2.77886,0.1890562,0.4290276,2.634184,0.2724337,0.1506017,2.541347,0.417451,-0.06761984,2.51709,0.4623673,-0.1427902,2.527294,0.3619501,0.2579323,2.852315,0.09823541,0.1805373,2.887923,0.1600659,0.01548374,3.117227,0.1881002,-0.03107829,3.161762,0.2746373,-0.005117196,2.826695,0.2278371,-0.5402495,2.820532,0.1738343,-0.9210321,2.863838,0.261433,-0.9893,2.879645,0.3314579,-0.01946135,2.856354,0.4347221,-0.5302183,2.986171,0.3206175,-0.8920048,3.006407,0.3910041,-0.9422691,2.952554,
0.3194297,0.04402925,2.831697,0.3177795,0.1116516,2.818485,0.3115497,0.4486957,2.771161,0.338588,0.7111138,2.777555,0.2388893,0.4268218,2.628207,0.3304621,0.1519664,2.519956,0.4875089,-0.04589386,2.502603,0.5535594,-0.1122883,2.519026,0.3968551,0.2496861,2.849903,0.1427145,0.2155674,2.897507,0.2047156,0.05005847,3.127476,0.2327547,0.003488559,3.172019,0.3100426,-0.02822112,2.796009,0.2663259,-0.5534347,2.838062,0.1755557,-0.9212938,2.863226,0.2595456,-0.9881868,2.879743,0.3522304,-0.03812011,2.876433,0.489013,-0.5552247,2.98996,0.3944548,-0.9439988,3.031451,0.4423851,-1.004922,3.068937,
0.3194297,0.04402925,2.831697,0.3177795,0.1116516,2.818485,0.3115497,0.4486957,2.771161,0.338588,0.7111138,2.777555,0.2388893,0.4268218,2.628207,0.3304621,0.1519664,2.519956,0.4875089,-0.04589386,2.502603,0.5535594,-0.1122883,2.519026,0.3968551,0.2496861,2.849903,0.1427145,0.2155674,2.897507,0.2047156,0.05005847,3.127476,0.2327547,0.003488559,3.172019,0.3100426,-0.02822112,2.796009,0.2663259,-0.5534347,2.838062,0.1755557,-0.9212938,2.863226,0.2595456,-0.9881868,2.879743,0.3522304,-0.03812011,2.876433,0.489013,-0.5552247,2.98996,0.3944548,-0.9439988,3.031451,0.4423851,-1.004922,3.068937,
0.3445926,0.02877616,2.824336,0.3460045,0.0928928,2.812273,0.3520081,0.4120922,2.773166,0.3885183,0.6799444,2.79054,0.2710493,0.4247502,2.627929,0.3820612,0.1575101,2.508076,0.5603632,-0.02667486,2.506202,0.6313403,-0.07585155,2.526453,0.4373136,0.2130827,2.851908,0.2068369,0.1661706,3.015077,0.2550912,0.00125201,3.250882,0.2830583,-0.04519838,3.29531,0.3250442,-0.03235989,2.801346,0.2760411,-0.5082667,2.804021,0.1815364,-0.9170978,2.86099,0.2555076,-0.9859871,2.878659,0.3627205,-0.0521659,2.859051,0.5341499,-0.5403937,2.985908,0.5183199,-0.9473922,3.038715,0.6085844,-0.979917,3.06689,
0.3445926,0.02877616,2.824336,0.3460045,0.0928928,2.812273,0.3520081,0.4120922,2.773166,0.3885183,0.6799444,2.79054,0.2710493,0.4247502,2.627929,0.3820612,0.1575101,2.508076,0.5603632,-0.02667486,2.506202,0.6313403,-0.07585155,2.526453,0.4373136,0.2130827,2.851908,0.2068369,0.1661706,3.015077,0.2550912,0.00125201,3.250882,0.2830583,-0.04519838,3.29531,0.3250442,-0.03235989,2.801346,0.2760411,-0.5082667,2.804021,0.1815364,-0.9170978,2.86099,0.2555076,-0.9859871,2.878659,0.3627205,-0.0521659,2.859051,0.5341499,-0.5403937,2.985908,0.5183199,-0.9473922,3.038715,0.6085844,-0.979917,3.06689,
0.4044398,0.03659031,2.797756,0.4031682,0.1146546,2.788166,0.3968099,0.5049762,2.758609,0.4077024,0.7610605,2.781938,0.3225864,0.4189638,2.625442,0.4216779,0.169788,2.507249,0.605214,0.0105734,2.499737,0.6807522,-0.04151712,2.524148,0.4821154,0.3059666,2.837351,0.266263,0.1943898,2.989821,0.2861482,0.02611631,3.226681,0.3141481,-0.02038862,3.271162,0.3813829,-0.01699301,2.760004,0.2831507,-0.5037452,2.805042,0.1825702,-0.9168028,2.861197,0.2630844,-0.9894642,2.880825,0.4295702,-0.03711111,2.842057,0.5898896,-0.5467102,2.978476,0.6466025,-0.9454214,3.043248,0.7551976,-0.9622325,3.086459,
0.4044398,0.03659031,2.797756,0.4031682,0.1146546,2.788166,0.3968099,0.5049762,2.758609,0.4077024,0.7610605,2.781938,0.3225864,0.4189638,2.625442,0.4216779,0.169788,2.507249,0.605214,0.0105734,2.499737,0.6807522,-0.04151712,2.524148,0.4821154,0.3059666,2.837351,0.266263,0.1943898,2.989821,0.2861482,0.02611631,3.226681,0.3141481,-0.02038862,3.271162,0.3813829,-0.01699301,2.760004,0.2831507,-0.5037452,2.805042,0.1825702,-0.9168028,2.861197,0.2630844,-0.9894642,2.880825,0.4295702,-0.03711111,2.842057,0.5898896,-0.5467102,2.978476,0.6466025,-0.9454214,3.043248,0.7551976,-0.9622325,3.086459,
0.4456424,0.05600024,2.765797,0.4426187,0.1419373,2.761101,0.4274998,0.5716224,2.756028,0.5258709,0.7474436,2.78125,0.3418161,0.4168656,2.628669,0.4827614,0.1651762,2.50136,0.6681578,0.01729344,2.505916,0.7495835,-0.02316488,2.533135,0.5128052,0.3726129,2.83477,0.319959,0.218849,2.987426,0.3351128,0.04316035,3.223247,0.3631012,-0.003325343,3.267709,0.4153952,3.526211E-05,2.710335,0.3055117,-0.5023998,2.805764,0.1865727,-0.907275,2.859597,0.2577597,-0.9861084,2.878744,0.4803708,-0.01539311,2.819951,0.6296992,-0.5585452,2.97911,0.8058728,-0.9375504,3.056526,0.9144641,-0.956147,3.101221,
0.4456424,0.05600024,2.765797,0.4426187,0.1419373,2.761101,0.4274998,0.5716224,2.756028,0.5258709,0.7474436,2.78125,0.3418161,0.4168656,2.628669,0.4827614,0.1651762,2.50136,0.6681578,0.01729344,2.505916,0.7495835,-0.02316488,2.533135,0.5128052,0.3726129,2.83477,0.319959,0.218849,2.987426,0.3351128,0.04316035,3.223247,0.3631012,-0.003325343,3.267709,0.4153952,3.526211E-05,2.710335,0.3055117,-0.5023998,2.805764,0.1865727,-0.907275,2.859597,0.2577597,-0.9861084,2.878744,0.4803708,-0.01539311,2.819951,0.6296992,-0.5585452,2.97911,0.8058728,-0.9375504,3.056526,0.9144641,-0.956147,3.101221,
0.4706594,0.07714005,2.756566,0.4697586,0.1587786,2.754277,0.4773549,0.568526,2.761325,0.5751249,0.7462096,2.792378,0.4026418,0.4080902,2.625767,0.5315675,0.1624333,2.493819,0.7136594,0.02798218,2.512562,0.7872622,-0.01139343,2.542303,0.5626603,0.3695164,2.840067,0.3608744,0.2152559,2.987579,0.37114,0.03687513,3.225393,0.3990721,-0.009517256,3.269766,0.4411213,-5.149245E-05,2.667398,0.3427777,-0.543579,2.827932,0.1916127,-0.9097307,2.86214,0.2644821,-0.9890143,2.880885,0.5001333,-0.01459199,2.829146,0.6794317,-0.5744671,2.981668,0.9094248,-0.9398133,3.0475,1.022851,-0.921341,3.080315,
0.4706594,0.07714005,2.756566,0.4697586,0.1587786,2.754277,0.4773549,0.568526,2.761325,0.5751249,0.7462096,2.792378,0.4026418,0.4080902,2.625767,0.5315675,0.1624333,2.493819,0.7136594,0.02798218,2.512562,0.7872622,-0.01139343,2.542303,0.5626603,0.3695164,2.840067,0.3608744,0.2152559,2.987579,0.37114,0.03687513,3.225393,0.3990721,-0.009517256,3.269766,0.4411213,-5.149245E-05,2.667398,0.3427777,-0.543579,2.827932,0.1916127,-0.9097307,2.86214,0.2644821,-0.9890143,2.880885,0.5001333,-0.01459199,2.829146,0.6794317,-0.5744671,2.981668,0.9094248,-0.9398133,3.0475,1.022851,-0.921341,3.080315,
0.4987413,0.09634474,2.748499,0.5010163,0.1748069,2.74826,0.5132092,0.5664193,2.765916,0.5676188,0.7627396,2.798017,0.4357451,0.402323,2.63281,0.5591875,0.1671162,2.498855,0.7424872,0.03035638,2.512975,0.8094937,0.01068294,2.536065,0.5985147,0.3674098,2.844658,0.4014885,0.2034327,2.992811,0.4220494,0.02378871,3.23191,0.4499086,-0.02248254,3.276167,0.4576744,0.01077649,2.666104,0.4027025,-0.5039198,2.825564,0.1984913,-0.9144839,2.864904,0.2721629,-0.9992196,2.894669,0.5324761,0.009062472,2.816773,0.7236207,-0.5496016,2.975568,0.9772134,-0.9348657,3.054389,1.081818,-0.9590613,3.108153,
0.4987413,0.09634474,2.748499,0.5010163,0.1748069,2.74826,0.5132092,0.5664193,2.765916,0.5676188,0.7627396,2.798017,0.4357451,0.402323,2.63281,0.5591875,0.1671162,2.498855,0.7424872,0.03035638,2.512975,0.8094937,0.01068294,2.536065,0.5985147,0.3674098,2.844658,0.4014885,0.2034327,2.992811,0.4220494,0.02378871,3.23191,0.4499086,-0.02248254,3.276167,0.4576744,0.01077649,2.666104,0.4027025,-0.5039198,2.825564,0.1984913,-0.9144839,2.864904,0.2721629,-0.9992196,2.894669,0.5324761,0.009062472,2.816773,0.7236207,-0.5496016,2.975568,0.9772134,-0.9348657,3.054389,1.081818,-0.9590613,3.108153,
0.524593,0.06884987,2.745175,0.5295001,0.150416,2.746442,0.5605266,0.5562882,2.771912,0.6030818,0.7567494,2.810655,0.4847087,0.3949316,2.639703,0.6099459,0.1619891,2.507549,0.794211,0.02347128,2.518291,0.8761261,-0.009116005,2.554605,0.6458319,0.3572786,2.850654,0.4326594,0.1925636,2.982053,0.4605462,0.01206504,3.222192,0.4886628,-0.03463375,3.266858,0.4813275,-0.004799176,2.669411,0.407335,-0.5328494,2.825042,0.206893,-0.9134455,2.867198,0.276975,-0.995594,2.887822,0.5501045,-0.005688651,2.809155,0.7439368,-0.5607482,2.982357,0.9168138,-0.8681818,3.008008,1.013801,-0.9140778,3.062737,
0.524593,0.06884987,2.745175,0.5295001,0.150416,2.746442,0.5605266,0.5562882,2.771912,0.6030818,0.7567494,2.810655,0.4847087,0.3949316,2.639703,0.6099459,0.1619891,2.507549,0.794211,0.02347128,2.518291,0.8761261,-0.009116005,2.554605,0.6458319,0.3572786,2.850654,0.4326594,0.1925636,2.982053,0.4605462,0.01206504,3.222192,0.4886628,-0.03463375,3.266858,0.4813275,-0.004799176,2.669411,0.407335,-0.5328494,2.825042,0.206893,-0.9134455,2.867198,0.276975,-0.995594,2.887822,0.5501045,-0.005688651,2.809155,0.7439368,-0.5607482,2.982357,0.9168138,-0.8681818,3.008008,1.013801,-0.9140778,3.062737,
0.5506223,0.05521079,2.745407,0.5596713,0.1380699,2.747937,0.6070597,0.5555277,2.780561,0.5999116,0.7602843,2.810044,0.5248222,0.399527,2.646258,0.6382322,0.1603295,2.511087,0.8285318,0.02964176,2.530771,0.8854762,-0.004617091,2.553121,0.6923652,0.3565182,2.859303,0.483438,0.1807327,2.988487,0.4484568,-0.02946803,3.068769,0.4764301,-0.07592867,3.113207,0.505123,-0.0092403,2.67783,0.4333522,-0.5474906,2.822324,0.2187712,-0.9176312,2.871465,0.2771792,-0.9952323,2.886979,0.5845402,-0.01907319,2.797935,0.7763634,-0.5701938,2.990018,0.9173157,-0.9153468,3.023974,1.023667,-0.9566935,3.062868,
0.5506223,0.05521079,2.745407,0.5596713,0.1380699,2.747937,0.6070597,0.5555277,2.780561,0.5999116,0.7602843,2.810044,0.5248222,0.399527,2.646258,0.6382322,0.1603295,2.511087,0.8285318,0.02964176,2.530771,0.8854762,-0.004617091,2.553121,0.6923652,0.3565182,2.859303,0.483438,0.1807327,2.988487,0.4484568,-0.02946803,3.068769,0.4764301,-0.07592867,3.113207,0.505123,-0.0092403,2.67783,0.4333522,-0.5474906,2.822324,0.2187712,-0.9176312,2.871465,0.2771792,-0.9952323,2.886979,0.5845402,-0.01907319,2.797935,0.7763634,-0.5701938,2.990018,0.9173157,-0.9153468,3.023974,1.023667,-0.9566935,3.062868,
0.6530949,0.0820656,2.761651,0.6528804,0.1613862,2.7623,0.6472877,0.5577406,2.783612,0.6333922,0.7630722,2.824003,0.571622,0.3991288,2.652144,0.6816365,0.1564652,2.527792,0.8692795,0.01806886,2.550113,0.9450684,-0.02152557,2.591031,0.7325931,0.358731,2.862354,0.5204784,0.1830555,2.990408,0.5107005,-0.03489757,3.061455,0.5386547,-0.0813266,3.105863,0.6190389,0.01121656,2.681444,0.477411,-0.5727896,2.824603,0.2499698,-0.9249277,2.878284,0.2899318,-1.00443,2.884092,0.6875739,-0.00353964,2.829571,0.8180642,-0.5573528,2.994092,0.9193804,-0.9161344,3.025689,1.016027,-0.9561587,3.085789,
0.6530949,0.0820656,2.761651,0.6528804,0.1613862,2.7623,0.6472877,0.5577406,2.783612,0.6333922,0.7630722,2.824003,0.571622,0.3991288,2.652144,0.6816365,0.1564652,2.527792,0.8692795,0.01806886,2.550113,0.9450684,-0.02152557,2.591031,0.7325931,0.358731,2.862354,0.5204784,0.1830555,2.990408,0.5107005,-0.03489757,3.061455,0.5386547,-0.0813266,3.105863,0.6190389,0.01121656,2.681444,0.477411,-0.5727896,2.824603,0.2499698,-0.9249277,2.878284,0.2899318,-1.00443,2.884092,0.6875739,-0.00353964,2.829571,0.8180642,-0.5573528,2.994092,0.9193804,-0.9161344,3.025689,1.016027,-0.9561587,3.085789,
0.7144635,0.07776041,2.778355,0.7107033,0.1581218,2.777279,0.6875926,0.5597173,2.789662,0.6851401,0.7649958,2.815442,0.6074896,0.4033457,2.659133,0.7122473,0.1544681,2.54256,0.923761,-0.008943841,2.58141,1.002141,-0.04529192,2.620303,0.772898,0.3607078,2.868404,0.5737597,0.1673535,2.995402,0.5687564,-0.05424479,3.060029,0.596697,-0.1006512,3.104415,0.6861771,0.01163989,2.711795,0.5112876,-0.5729728,2.824856,0.2913292,-0.9225121,2.888088,0.3043173,-1.010536,2.88603,0.7493274,0.003308248,2.837038,0.8489078,-0.5761037,3.004713,0.9296855,-0.9283649,3.03313,1.029705,-0.99006,3.05938,
0.7144635,0.07776041,2.778355,0.7107033,0.1581218,2.777279,0.6875926,0.5597173,2.789662,0.6851401,0.7649958,2.815442,0.6074896,0.4033457,2.659133,0.7122473,0.1544681,2.54256,0.923761,-0.008943841,2.58141,1.002141,-0.04529192,2.620303,0.772898,0.3607078,2.868404,0.5737597,0.1673535,2.995402,0.5687564,-0.05424479,3.060029,0.596697,-0.1006512,3.104415,0.6861771,0.01163989,2.711795,0.5112876,-0.5729728,2.824856,0.2913292,-0.9225121,2.888088,0.3043173,-1.010536,2.88603,0.7493274,0.003308248,2.837038,0.8489078,-0.5761037,3.004713,0.9296855,-0.9283649,3.03313,1.029705,-0.99006,3.05938,
0.7294883,0.0831351,2.774868,0.728941,0.1645017,2.774342,0.7354966,0.5741407,2.79264,0.7355651,0.7801747,2.823355,0.6589022,0.412323,2.657716,0.7356663,0.1612757,2.548943,0.9253089,-0.00964468,2.581705,0.9962512,-0.06287511,2.614886,0.820802,0.3751311,2.871382,0.5877376,0.2106991,2.985473,0.6215891,-0.01064679,3.045123,0.6495141,-0.05702731,3.089484,0.6975077,0.01556329,2.706142,0.5732346,-0.5808069,2.834121,0.354356,-0.8502802,2.876153,0.3642258,-0.9703057,2.879661,0.7629161,0.006544909,2.834937,0.8695581,-0.5751026,3.00336,0.9317045,-0.9323021,3.035753,1.04181,-0.9740691,3.061212,
0.7294883,0.0831351,2.774868,0.728941,0.1645017,2.774342,0.7354966,0.5741407,2.79264,0.7355651,0.7801747,2.823355,0.6589022,0.412323,2.657716,0.7356663,0.1612757,2.548943,0.9253089,-0.00964468,2.581705,0.9962512,-0.06287511,2.614886,0.820802,0.3751311,2.871382,0.5877376,0.2106991,2.985473,0.6215891,-0.01064679,3.045123,0.6495141,-0.05702731,3.089484,0.6975077,0.01556329,2.706142,0.5732346,-0.5808069,2.834121,0.354356,-0.8502802,2.876153,0.3642258,-0.9703057,2.879661,0.7629161,0.006544909,2.834937,0.8695581,-0.5751026,3.00336,0.9317045,-0.9323021,3.035753,1.04181,-0.9740691,3.061212,
0.7345749,0.08326831,2.771386,0.7383074,0.1649373,2.771105,0.7752415,0.5751814,2.795766,0.7480851,0.7795284,2.824132,0.708674,0.4322003,2.661704,0.780092,0.1550992,2.561587,0.9346138,-0.02066763,2.583212,1.002751,-0.0783914,2.61447,0.8605469,0.3761719,2.874508,0.653865,0.1899794,3.004091,0.6795718,-0.03202817,3.067563,0.7074726,-0.07836854,3.111887,0.6996753,0.01560499,2.700928,0.7776534,-0.5216503,2.826804,0.4283807,-0.8404914,2.874372,0.4164748,-0.9583552,2.880769,0.7658823,0.005395596,2.832114,0.8635768,-0.5941445,2.973829,0.9361936,-0.9282036,3.036799,1.044883,-0.9744667,3.060689,
0.7345749,0.08326831,2.771386,0.7383074,0.1649373,2.771105,0.7752415,0.5751814,2.795766,0.7480851,0.7795284,2.824132,0.708674,0.4322003,2.661704,0.780092,0.1550992,2.561587,0.9346138,-0.02066763,2.583212,1.002751,-0.0783914,2.61447,0.8605469,0.3761719,2.874508,0.653865,0.1899794,3.004091,0.6795718,-0.03202817,3.067563,0.7074726,-0.07836854,3.111887,0.6996753,0.01560499,2.700928,0.7776534,-0.5216503,2.826804,0.4283807,-0.8404914,2.874372,0.4164748,-0.9583552,2.880769,0.7658823,0.005395596,2.832114,0.8635768,-0.5941445,2.973829,0.9361936,-0.9282036,3.036799,1.044883,-0.9744667,3.060689,
0.7784635,0.06901922,2.76916,0.7858576,0.1550157,2.770669,0.8134367,0.5857037,2.796974,0.771176,0.7882603,2.832586,0.7379078,0.4333883,2.668607,0.7947907,0.1562034,2.564096,0.9437187,-0.03418747,2.591132,1.002865,-0.1038061,2.616799,0.8987421,0.3866942,2.875716,0.7168214,0.1833646,3.016739,0.7347126,-0.03878172,3.084767,0.7626945,-0.08525681,3.12922,0.7388123,0.01423439,2.713966,0.8433278,-0.5154307,2.826248,0.5085377,-0.8516648,2.875024,0.5197755,-0.9676772,2.884699,0.8064925,0.0004152811,2.81367,0.8255345,-0.4521841,2.991438,0.9322266,-0.9157705,3.032449,1.031969,-0.9682074,3.077255,
0.7784635,0.06901922,2.76916,0.7858576,0.1550157,2.770669,0.8134367,0.5857037,2.796974,0.771176,0.7882603,2.832586,0.7379078,0.4333883,2.668607,0.7947907,0.1562034,2.564096,0.9437187,-0.03418747,2.591132,1.002865,-0.1038061,2.616799,0.8987421,0.3866942,2.875716,0.7168214,0.1833646,3.016739,0.7347126,-0.03878172,3.084767,0.7626945,-0.08525681,3.12922,0.7388123,0.01423439,2.713966,0.8433278,-0.5154307,2.826248,0.5085377,-0.8516648,2.875024,0.5197755,-0.9676772,2.884699,0.8064925,0.0004152811,2.81367,0.8255345,-0.4521841,2.991438,0.9322266,-0.9157705,3.032449,1.031969,-0.9682074,3.077255,
0.7888808,0.1267353,2.778584,0.7999436,0.205413,2.778975,0.8501509,0.5972023,2.799059,0.8781641,0.802268,2.82754,0.7746807,0.4318273,2.672651,0.8257539,0.1553087,2.571641,0.9507988,-0.04438195,2.594807,1.005942,-0.1175376,2.620938,0.9354563,0.3981928,2.877801,0.7549478,0.1861871,3.011784,0.7708747,-0.03687903,3.080149,0.7989677,-0.08353858,3.124777,0.7397017,0.02914975,2.70248,0.9012836,-0.5234446,2.841745,0.5954618,-0.8653232,2.878413,0.6483904,-0.9700005,2.909757,0.8148052,0.05350551,2.849608,0.8697026,-0.4610243,2.996944,0.9374691,-0.9218262,3.035415,1.042441,-0.9675505,3.075806,
0.7888808,0.1267353,2.778584,0.7999436,0.205413,2.778975,0.8501509,0.5972023,2.799059,0.8781641,0.802268,2.82754,0.7746807,0.4318273,2.672651,0.8257539,0.1553087,2.571641,0.9507988,-0.04438195,2.594807,1.005942,-0.1175376,2.620938,0.9354563,0.3981928,2.877801,0.7549478,0.1861871,3.011784,0.7708747,-0.03687903,3.080149,0.7989677,-0.08353858,3.124777,0.7397017,0.02914975,2.70248,0.9012836,-0.5234446,2.841745,0.5954618,-0.8653232,2.878413,0.6483904,-0.9700005,2.909757,0.8148052,0.05350551,2.849608,0.8697026,-0.4610243,2.996944,0.9374691,-0.9218262,3.035415,1.042441,-0.9675505,3.075806,
0.8067573,0.08437131,2.84545,0.822745,0.1692835,2.834756,0.9026834,0.5938447,2.799747,0.892877,0.8005583,2.823926,0.8087147,0.4335681,2.676892,0.8479774,0.150765,2.579712,0.9689495,-0.07080503,2.615971,1.019523,-0.1462519,2.628958,0.9879888,0.3948351,2.878489,0.8096116,0.1952395,3.031484,0.822532,-0.02998078,3.104944,0.850578,-0.07656218,3.149498,0.7594293,0.01797165,2.795433,0.9670715,-0.5227943,2.868591,0.6969631,-0.8690069,2.884532,0.7686707,-0.9669864,2.892893,0.8281661,0.01311246,2.903734,0.9184396,-0.4766731,2.99209,0.936328,-0.9250108,3.035747,1.019652,-0.9888735,3.057424,
0.8067573,0.08437131,2.84545,0.822745,0.1692835,2.834756,0.9026834,0.5938447,2.799747,0.892877,0.8005583,2.823926,0.8087147,0.4335681,2.676892,0.8479774,0.150765,2.579712,0.9689495,-0.07080503,2.615971,1.019523,-0.1462519,2.628958,0.9879888,0.3948351,2.878489,0.8096116,0.1952395,3.031484,0.822532,-0.02998078,3.104944,0.850578,-0.07656218,3.149498,0.7594293,0.01797165,2.795433,0.9670715,-0.5227943,2.868591,0.6969631,-0.8690069,2.884532,0.7686707,-0.9669864,2.892893,0.8281661,0.01311246,2.903734,0.9184396,-0.4766731,2.99209,0.936328,-0.9250108,3.035747,1.019652,-0.9888735,3.057424,
0.8362161,0.09209589,2.850068,0.8535963,0.1764904,2.839337,0.9413202,0.5981202,2.804121,0.9480538,0.8046646,2.822738,0.8537884,0.4386041,2.68339,0.8704239,0.1464079,2.593849,0.9761953,-0.091484,2.628985,1.018919,-0.1578386,2.631412,1.026626,0.3991106,2.882864,0.8348522,0.198769,3.022948,0.8472235,-0.02545901,3.093965,0.8751842,-0.07189886,3.138383,0.7828125,0.02929794,2.797354,1.032516,-0.5308748,2.877887,0.8058313,-0.8838162,2.902279,0.8685723,-0.966319,2.895841,0.8634205,0.01861834,2.911675,0.93643,-0.4989443,3.004452,0.9320749,-0.9350112,2.964323,1.025754,-0.9738331,3.031738,
0.8362161,0.09209589,2.850068,0.8535963,0.1764904,2.839337,0.9413202,0.5981202,2.804121,0.9480538,0.8046646,2.822738,0.8537884,0.4386041,2.68339,0.8704239,0.1464079,2.593849,0.9761953,-0.091484,2.628985,1.018919,-0.1578386,2.631412,1.026626,0.3991106,2.882864,0.8348522,0.198769,3.022948,0.8472235,-0.02545901,3.093965,0.8751842,-0.07189886,3.138383,0.7828125,0.02929794,2.797354,1.032516,-0.5308748,2.877887,0.8058313,-0.8838162,2.902279,0.8685723,-0.966319,2.895841,0.8634205,0.01861834,2.911675,0.93643,-0.4989443,3.004452,0.9320749,-0.9350112,2.964323,1.025754,-0.9738331,3.031738,
0.879539,0.07604045,2.861501,0.895153,0.1512421,2.849694,0.9685272,0.5288175,2.80789,1.053014,0.7157919,2.822078,0.8897553,0.4370497,2.687194,0.8974211,0.1386395,2.60175,0.9827666,-0.09198007,2.625478,1.019756,-0.1711318,2.628884,1.053833,0.3298079,2.886632,0.8651335,0.1850961,3.060847,0.9029981,-0.03942496,3.120314,0.930915,-0.08579194,3.164663,0.8334114,0.006422916,2.81414,1.072499,-0.5316961,2.89563,0.9217753,-0.9294116,2.923376,1.005533,-0.9973589,2.908749,0.8940147,0.002105561,2.920338,0.9696389,-0.5649747,3.008909,0.8434371,-0.8874578,2.899829,0.9438737,-0.9312612,2.952675,
0.879539,0.07604045,2.861501,0.895153,0.1512421,2.849694,0.9685272,0.5288175,2.80789,1.053014,0.7157919,2.822078,0.8897553,0.4370497,2.687194,0.8974211,0.1386395,2.60175,0.9827666,-0.09198007,2.625478,1.019756,-0.1711318,2.628884,1.053833,0.3298079,2.886632,0.8651335,0.1850961,3.060847,0.9029981,-0.03942496,3.120314,0.930915,-0.08579194,3.164663,0.8334114,0.006422916,2.81414,1.072499,-0.5316961,2.89563,0.9217753,-0.9294116,2.923376,1.005533,-0.9973589,2.908749,0.8940147,0.002105561,2.920338,0.9696389,-0.5649747,3.008909,0.8434371,-0.8874578,2.899829,0.9438737,-0.9312612,2.952675,
0.9591779,0.06359896,2.825952,0.96885,0.1389114,2.820083,1.01721,0.5154735,2.809224,1.075733,0.7118478,2.827246,0.9239593,0.4328961,2.688495,0.9303317,0.1171256,2.612227,0.9939218,-0.1115977,2.623823,1.020535,-0.1717748,2.628426,1.102516,0.3164639,2.887966,0.9138168,0.1717522,3.062166,0.951571,-0.05211408,3.121409,0.9794545,-0.09842567,3.165705,0.9153234,-0.005057755,2.775708,1.177357,-0.501683,2.868423,1.008096,-0.9334549,2.966603,1.11849,-0.9787627,2.943505,0.984309,-0.01353362,2.876714,1.012761,-0.5566543,2.997322,0.9359683,-0.9321223,3.000678,1.045475,-0.9583091,2.954897,
0.9591779,0.06359896,2.825952,0.96885,0.1389114,2.820083,1.01721,0.5154735,2.809224,1.075733,0.7118478,2.827246,0.9239593,0.4328961,2.688495,0.9303317,0.1171256,2.612227,0.9939218,-0.1115977,2.623823,1.020535,-0.1717748,2.628426,1.102516,0.3164639,2.887966,0.9138168,0.1717522,3.062166,0.951571,-0.05211408,3.121409,0.9794545,-0.09842567,3.165705,0.9153234,-0.005057755,2.775708,1.177357,-0.501683,2.868423,1.008096,-0.9334549,2.966603,1.11849,-0.9787627,2.943505,0.984309,-0.01353362,2.876714,1.012761,-0.5566543,2.997322,0.9359683,-0.9321223,3.000678,1.045475,-0.9583091,2.954897,
1.056702,0.094866,2.827319,1.057524,0.177851,2.822127,1.061633,0.5927761,2.814657,1.172656,0.761112,2.81296,0.968735,0.4397152,2.695611,0.9467642,0.1202852,2.615556,1.006163,-0.1106721,2.623288,1.030646,-0.2019295,2.627456,1.146938,0.3937666,2.893399,0.9582388,0.2490548,3.067587,0.9960988,0.02456145,3.127031,1.023989,-0.02176083,3.171337,1.020627,0.01902987,2.77548,1.150945,-0.5213811,2.927125,1.146678,-0.9507102,2.956233,1.262561,-0.9853559,2.943763,1.091422,0.03387395,2.878481,1.019317,-0.5308332,3.021652,0.938797,-0.9295747,3.009222,1.056706,-0.9533022,2.991354,
1.056702,0.094866,2.827319,1.057524,0.177851,2.822127,1.061633,0.5927761,2.814657,1.172656,0.761112,2.81296,0.968735,0.4397152,2.695611,0.9467642,0.1202852,2.615556,1.006163,-0.1106721,2.623288,1.030646,-0.2019295,2.627456,1.146938,0.3937666,2.893399,0.9582388,0.2490548,3.067587,0.9960988,0.02456145,3.127031,1.023989,-0.02176083,3.171337,1.020627,0.01902987,2.77548,1.150945,-0.5213811,2.927125,1.146678,-0.9507102,2.956233,1.262561,-0.9853559,2.943763,1.091422,0.03387395,2.878481,1.019317,-0.5308332,3.021652,0.938797,-0.9295747,3.009222,1.056706,-0.9533022,2.991354,
1.084673,0.09334543,2.831254,1.085698,0.1755911,2.825149,1.091566,0.5866145,2.813009,1.198591,0.7586477,2.814616,1.018361,0.4354234,2.698872,0.9843804,0.1158382,2.62111,1.017688,-0.1219482,2.612158,1.02708,-0.1759215,2.613946,1.176872,0.387605,2.891751,0.9881727,0.2428932,3.065934,1.026131,0.01781818,3.125569,1.053992,-0.02845705,3.16983,1.051852,0.01372051,2.777483,1.310505,-0.5379758,2.886305,1.321491,-0.9718969,2.952469,1.434618,-1.00367,2.92119,1.11667,0.03297502,2.885743,1.059671,-0.4643429,3.017453,0.9500506,-0.928847,3.005524,1.050282,-0.976124,3.055566,
1.084673,0.09334543,2.831254,1.085698,0.1755911,2.825149,1.091566,0.5866145,2.813009,1.198591,0.7586477,2.814616,1.018361,0.4354234,2.698872,0.9843804,0.1158382,2.62111,1.017688,-0.1219482,2.612158,1.02708,-0.1759215,2.613946,1.176872,0.387605,2.891751,0.9881727,0.2428932,3.065934,1.026131,0.01781818,3.125569,1.053992,-0.02845705,3.16983,1.051852,0.01372051,2.777483,1.310505,-0.5379758,2.886305,1.321491,-0.9718969,2.952469,1.434618,-1.00367,2.92119,1.11667,0.03297502,2.885743,1.059671,-0.4643429,3.017453,0.9500506,-0.928847,3.005524,1.050282,-0.976124,3.055566,
1.119709,0.09558727,2.83058,1.124866,0.1770687,2.823504,1.147094,0.5834526,2.806005,1.250751,0.7579557,2.80822,1.050416,0.4350055,2.701957,1.00436,0.1217189,2.620118,1.025838,-0.1169914,2.609731,1.039162,-0.2103254,2.615134,1.2324,0.3844431,2.884747,1.053154,0.1669703,3.015556,1.056026,-0.07243036,3.095281,1.083874,-0.1186833,3.13952,1.078204,0.01799263,2.779366,1.352793,-0.5340917,2.892567,1.421964,-0.9801088,2.95856,1.505352,-1.002733,2.897988,1.153093,0.03487788,2.883795,1.066427,-0.4615859,3.018151,0.9551686,-0.9307797,3.006744,1.029528,-0.9899262,3.052324,
1.119709,0.09558727,2.83058,1.124866,0.1770687,2.823504,1.147094,0.5834526,2.806005,1.250751,0.7579557,2.80822,1.050416,0.4350055,2.701957,1.00436,0.1217189,2.620118,1.025838,-0.1169914,2.609731,1.039162,-0.2103254,2.615134,1.2324,0.3844431,2.884747,1.053154,0.1669703,3.015556,1.056026,-0.07243036,3.095281,1.083874,-0.1186833,3.13952,1.078204,0.01799263,2.779366,1.352793,-0.5340917,2.892567,1.421964,-0.9801088,2.95856,1.505352,-1.002733,2.897988,1.153093,0.03487788,2.883795,1.066427,-0.4615859,3.018151,0.9551686,-0.9307797,3.006744,1.029528,-0.9899262,3.052324,
1.145044,0.07812028,2.814652,1.150594,0.1623123,2.811035,1.185804,0.5795328,2.80868,1.212365,0.7824023,2.817865,1.089083,0.4232615,2.695585,1.036882,0.1269928,2.617586,1.059981,-0.1111152,2.609642,1.067666,-0.1847464,2.620226,1.271109,0.3805233,2.887422,1.092154,0.1634024,3.017984,1.094735,-0.07635021,3.097975,1.122561,-0.1225663,3.142179,1.093613,0.01973938,2.763989,1.400993,-0.4951308,2.858914,1.482646,-0.9423891,2.989557,1.573434,-1.005553,2.943519,1.188343,-0.0003897131,2.863542,1.116812,-0.4474941,3.007782,0.9664911,-0.9049481,3.001658,1.042708,-0.9830676,3.055681,
1.145044,0.07812028,2.814652,1.150594,0.1623123,2.811035,1.185804,0.5795328,2.80868,1.212365,0.7824023,2.817865,1.089083,0.4232615,2.695585,1.036882,0.1269928,2.617586,1.059981,-0.1111152,2.609642,1.067666,-0.1847464,2.620226,1.271109,0.3805233,2.887422,1.092154,0.1634024,3.017984,1.094735,-0.07635021,3.097975,1.122561,-0.1225663,3.142179,1.093613,0.01973938,2.763989,1.400993,-0.4951308,2.858914,1.482646,-0.9423891,2.989557,1.573434,-1.005553,2.943519,1.188343,-0.0003897131,2.863542,1.116812,-0.4474941,3.007782,0.9664911,-0.9049481,3.001658,1.042708,-0.9830676,3.055681,
1.221688,0.0969035,2.828239,1.224898,0.1769421,2.822476,1.240948,0.5771348,2.812136,1.339523,0.7568929,2.820906,1.13471,0.4204685,2.696326,1.072707,0.1145891,2.617838,1.081621,-0.1248233,2.606106,1.102047,-0.2169051,2.612783,1.326253,0.3781253,2.890878,1.062543,0.2961906,2.920217,1.100409,0.07166396,2.979685,1.128293,0.02535169,3.023982,1.176953,0.03188159,2.763644,1.359086,-0.4763674,2.897775,1.440866,-0.9243238,3.028687,1.531527,-0.9867894,2.982399,1.260459,0.01322579,2.89314,1.107959,-0.5048929,3.034112,0.9615724,-0.9260672,3.002657,1.045951,-0.9892058,3.064124,
1.221688,0.0969035,2.828239,1.224898,0.1769421,2.822476,1.240948,0.5771348,2.812136,1.339523,0.7568929,2.820906,1.13471,0.4204685,2.696326,1.072707,0.1145891,2.617838,1.081621,-0.1248233,2.606106,1.102047,-0.2169051,2.612783,1.326253,0.3781253,2.890878,1.062543,0.2961906,2.920217,1.100409,0.07166396,2.979685,1.128293,0.02535169,3.023982,1.176953,0.03188159,2.763644,1.359086,-0.4763674,2.897775,1.440866,-0.9243238,3.028687,1.531527,-0.9867894,2.982399,1.260459,0.01322579,2.89314,1.107959,-0.5048929,3.034112,0.9615724,-0.9260672,3.002657,1.045951,-0.9892058,3.064124,
1.25056,0.08522901,2.832989,1.254617,0.165803,2.827002,1.275403,0.568756,2.815492,1.314071,0.7674684,2.810003,1.170326,0.4150416,2.698931,1.109955,0.109111,2.617814,1.112501,-0.1304441,2.593394,1.134026,-0.2213809,2.609513,1.360708,0.3697464,2.894234,1.10699,0.2976169,2.912137,1.144879,0.07295226,2.971663,1.172844,0.02650592,3.016087,1.207244,0.01158893,2.778883,1.336867,-0.5489699,3.007432,1.574789,-0.8134653,2.893893,1.658176,-0.8360899,2.833321,1.289028,0.01274536,2.889663,1.134279,-0.5247064,3.038301,0.967243,-0.9246142,3.003041,1.047605,-0.9895371,3.068313,
1.25056,0.08522901,2.832989,1.254617,0.165803,2.827002,1.275403,0.568756,2.815492,1.314071,0.7674684,2.810003,1.170326,0.4150416,2.698931,1.109955,0.109111,2.617814,1.112501,-0.1304441,2.593394,1.134026,-0.2213809,2.609513,1.360708,0.3697464,2.894234,1.10699,0.2976169,2.912137,1.144879,0.07295226,2.971663,1.172844,0.02650592,3.016087,1.207244,0.01158893,2.778883,1.336867,-0.5489699,3.007432,1.574789,-0.8134653,2.893893,1.658176,-0.8360899,2.833321,1.289028,0.01274536,2.889663,1.134279,-0.5247064,3.038301,0.967243,-0.9246142,3.003041,1.047605,-0.9895371,3.068313,
1.307975,0.07820851,2.831239,1.311036,0.1592441,2.825653,1.326342,0.5644222,2.816166,1.328066,0.7664691,2.807942,1.223096,0.4067317,2.700832,1.165151,0.1110164,2.614325,1.17832,-0.1447073,2.608151,1.187896,-0.2181727,2.614297,1.411647,0.3654127,2.894908,1.157501,0.2942677,2.922398,1.195403,0.06951953,2.981964,1.223308,0.0231736,3.026293,1.2602,-0.003317505,2.767767,1.370634,-0.5438737,3.007798,1.616538,-0.8185301,2.892378,1.684536,-0.8713295,2.829822,1.349932,0.005723846,2.894706,1.204937,-0.485175,3.034942,0.9797171,-0.9121323,3.003724,1.048521,-0.9886647,3.06995,
1.307975,0.07820851,2.831239,1.311036,0.1592441,2.825653,1.326342,0.5644222,2.816166,1.328066,0.7664691,2.807942,1.223096,0.4067317,2.700832,1.165151,0.1110164,2.614325,1.17832,-0.1447073,2.608151,1.187896,-0.2181727,2.614297,1.411647,0.3654127,2.894908,1.157501,0.2942677,2.922398,1.195403,0.06951953,2.981964,1.223308,0.0231736,3.026293,1.2602,-0.003317505,2.767767,1.370634,-0.5438737,3.007798,1.616538,-0.8185301,2.892378,1.684536,-0.8713295,2.829822,1.349932,0.005723846,2.894706,1.204937,-0.485175,3.034942,0.9797171,-0.9121323,3.003724,1.048521,-0.9886647,3.06995,
1.364576,0.08746666,2.84428,1.366909,0.1679557,2.836972,1.378574,0.5704011,2.818855,1.41108,0.764338,2.792131,1.264897,0.4107973,2.703156,1.215647,0.1113305,2.613805,1.216847,-0.1538219,2.609693,1.235586,-0.2245495,2.608759,1.46388,0.3713915,2.897597,1.189048,0.2894133,2.923375,1.226992,0.06442228,2.983041,1.254826,0.01819343,3.027257,1.318058,0.01829041,2.805576,1.412642,-0.54382,3.020953,1.655436,-0.8146672,2.906299,1.721553,-0.867895,2.841939,1.407499,0.03259005,2.885643,1.222698,-0.5477673,3.039704,1.01947,-0.931506,3.020507,1.100612,-0.9997244,3.081894,
1.364576,0.08746666,2.84428,1.366909,0.1679557,2.836972,1.378574,0.5704011,2.818855,1.41108,0.764338,2.792131,1.264897,0.4107973,2.703156,1.215647,0.1113305,2.613805,1.216847,-0.1538219,2.609693,1.235586,-0.2245495,2.608759,1.46388,0.3713915,2.897597,1.189048,0.2894133,2.923375,1.226992,0.06442228,2.983041,1.254826,0.01819343,3.027257,1.318058,0.01829041,2.805576,1.412642,-0.54382,3.020953,1.655436,-0.8146672,2.906299,1.721553,-0.867895,2.841939,1.407499,0.03259005,2.885643,1.222698,-0.5477673,3.039704,1.01947,-0.931506,3.020507,1.100612,-0.9997244,3.081894,
1.40718,0.07534163,2.825403,1.404359,0.1577075,2.821414,1.395565,0.5671632,2.815355,1.433459,0.7695005,2.821414,1.312772,0.4056455,2.701791,1.269776,0.1098934,2.61756,1.293548,-0.175138,2.615409,1.300036,-0.2446524,2.615401,1.480871,0.3681536,2.894097,1.216485,0.2844031,2.919168,1.242849,0.06475526,2.665957,1.270704,0.01849119,2.710207,1.369927,0.02091924,2.769038,1.360353,-0.3585387,3.026777,1.662284,-0.6473827,2.858417,1.735045,-0.6984836,2.799669,1.445586,0.003470576,2.880364,1.381033,-0.4743875,2.989182,1.109595,-0.8671609,3.032291,1.118388,-0.9760226,3.08789,
1.40718,0.07534163,2.825403,1.404359,0.1577075,2.821414,1.395565,0.5671632,2.815355,1.433459,0.7695005,2.821414,1.312772,0.4056455,2.701791,1.269776,0.1098934,2.61756,1.293548,-0.175138,2.615409,1.300036,-0.2446524,2.615401,1.480871,0.3681536,2.894097,1.216485,0.2844031,2.919168,1.242849,0.06475526,2.665957,1.270704,0.01849119,2.710207,1.369927,0.02091924,2.769038,1.360353,-0.3585387,3.026777,1.662284,-0.6473827,2.858417,1.735045,-0.6984836,2.799669,1.445586,0.003470576,2.880364,1.381033,-0.4743875,2.989182,1.109595,-0.8671609,3.032291,1.118388,-0.9760226,3.08789,
1.443967,0.1138004,2.828685,1.444487,0.1915857,2.822472,1.447086,0.5805123,2.809783,1.458871,0.77829,2.785818,1.360934,0.4250101,2.702528,1.334358,0.1191719,2.618286,1.366968,-0.137145,2.62646,1.376423,-0.2244636,2.6232,1.532392,0.3815027,2.888525,1.294166,0.3215278,2.93079,1.313789,0.101698,2.677103,1.341611,0.05548844,2.721301,1.399311,0.04751497,2.780484,1.413128,-0.3442717,3.020327,1.736428,-0.5577886,2.805882,1.806715,-0.6100851,2.745028,1.484903,0.06099919,2.876684,1.495731,-0.5044913,3.01854,1.162289,-0.8498731,3.045227,1.159072,-0.9577163,3.103599,
1.443967,0.1138004,2.828685,1.444487,0.1915857,2.822472,1.447086,0.5805123,2.809783,1.458871,0.77829,2.785818,1.360934,0.4250101,2.702528,1.334358,0.1191719,2.618286,1.366968,-0.137145,2.62646,1.376423,-0.2244636,2.6232,1.532392,0.3815027,2.888525,1.294166,0.3215278,2.93079,1.313789,0.101698,2.677103,1.341611,0.05548844,2.721301,1.399311,0.04751497,2.780484,1.413128,-0.3442717,3.020327,1.736428,-0.5577886,2.805882,1.806715,-0.6100851,2.745028,1.484903,0.06099919,2.876684,1.495731,-0.5044913,3.01854,1.162289,-0.8498731,3.045227,1.159072,-0.9577163,3.103599,
1.390696,0.06479535,2.855185,1.403649,0.1529698,2.844637,1.457814,0.587218,2.810025,1.468302,0.7861475,2.788517,1.36973,0.4276016,2.708453,1.384722,0.1296089,2.628765,1.433434,-0.136873,2.629023,1.44658,-0.2024861,2.647863,1.419435,0.4158199,2.652433,1.375713,0.2279085,2.883935,1.383995,0.02096391,2.618996,1.386756,-0.04801764,2.535694,1.377445,0.05048198,2.821818,1.494697,-0.3435235,3.029251,1.663381,-0.6453588,3.087176,1.67898,-0.558914,3.001401,1.395882,0.01920122,2.890568,1.448943,-0.5221925,3.093974,1.158315,-0.8767892,3.064974,1.085193,-0.9258798,3.004634,
1.390696,0.06479535,2.855185,1.403649,0.1529698,2.844637,1.457814,0.587218,2.810025,1.468302,0.7861475,2.788517,1.36973,0.4276016,2.708453,1.384722,0.1296089,2.628765,1.433434,-0.136873,2.629023,1.44658,-0.2024861,2.647863,1.419435,0.4158199,2.652433,1.375713,0.2279085,2.883935,1.383995,0.02096391,2.618996,1.386756,-0.04801764,2.535694,1.377445,0.05048198,2.821818,1.494697,-0.3435235,3.029251,1.663381,-0.6453588,3.087176,1.67898,-0.558914,3.001401,1.395882,0.01920122,2.890568,1.448943,-0.5221925,3.093974,1.158315,-0.8767892,3.064974,1.085193,-0.9258798,3.004634,
1.425715,0.07222469,2.902344,1.436236,0.1601681,2.883401,1.478694,0.5957419,2.808025,1.507712,0.7992018,2.808556,1.401816,0.4414182,2.73919,1.425515,0.1473984,2.682127,1.499296,-0.146365,2.782721,1.534311,-0.2316764,2.801489,1.42824,0.418424,2.651042,1.429731,0.2677933,2.908624,1.45122,0.0247407,2.691852,1.478972,-0.02135203,2.735939,1.414883,0.0675532,2.889275,1.552045,-0.3422552,3.051754,1.642508,-0.6718705,3.12331,1.710909,-0.6404541,3.045845,1.432519,0.04323282,2.920534,1.474458,-0.4600758,3.160666,1.250878,-0.8747479,3.071082,1.157877,-0.921477,3.046921,
1.425715,0.07222469,2.902344,1.436236,0.1601681,2.883401,1.478694,0.5957419,2.808025,1.507712,0.7992018,2.808556,1.401816,0.4414182,2.73919,1.425515,0.1473984,2.682127,1.499296,-0.146365,2.782721,1.534311,-0.2316764,2.801489,1.42824,0.418424,2.651042,1.429731,0.2677933,2.908624,1.45122,0.0247407,2.691852,1.478972,-0.02135203,2.735939,1.414883,0.0675532,2.889275,1.552045,-0.3422552,3.051754,1.642508,-0.6718705,3.12331,1.710909,-0.6404541,3.045845,1.432519,0.04323282,2.920534,1.474458,-0.4600758,3.160666,1.250878,-0.8747479,3.071082,1.157877,-0.921477,3.046921,
1.513289,0.06174394,3.000414,1.500858,0.102872,2.975204,1.438703,0.3085124,2.867502,1.490933,0.5743864,2.868598,1.352847,0.15055,2.800758,1.590849,0.1505405,2.742561,1.511598,-0.07157333,2.770616,1.516711,-0.1402554,2.780796,1.389727,0.13049,2.709663,1.452587,0.1368025,2.99832,1.501208,-0.03137038,2.785111,1.528985,-0.07750453,2.829237,1.509331,0.05802949,2.995031,1.623943,-0.3869823,3.062964,1.742269,-0.8464155,3.119127,1.667395,-0.9331302,3.10137,1.525397,0.03849449,3.018679,1.513148,-0.3930647,3.181593,1.342836,-0.8382378,3.079818,1.38473,-0.937547,3.139035,
1.513289,0.06174394,3.000414,1.500858,0.102872,2.975204,1.438703,0.3085124,2.867502,1.490933,0.5743864,2.868598,1.352847,0.15055,2.800758,1.590849,0.1505405,2.742561,1.511598,-0.07157333,2.770616,1.516711,-0.1402554,2.780796,1.389727,0.13049,2.709663,1.452587,0.1368025,2.99832,1.501208,-0.03137038,2.785111,1.528985,-0.07750453,2.829237,1.509331,0.05802949,2.995031,1.623943,-0.3869823,3.062964,1.742269,-0.8464155,3.119127,1.667395,-0.9331302,3.10137,1.525397,0.03849449,3.018679,1.513148,-0.3930647,3.181593,1.342836,-0.8382378,3.079818,1.38473,-0.937547,3.139035,
1.547204,-0.06321188,3.084598,1.536407,-0.0008801855,3.055408,1.482427,0.3107783,2.927791,1.513249,0.5539767,2.949835,1.396571,0.1528159,2.861048,1.619384,0.1131997,2.754412,1.53266,-0.1223187,2.799667,1.537764,-0.1908799,2.809829,1.51513,0.1755373,2.851494,1.516117,-0.06672845,2.864557,1.526553,0.1177804,2.69783,1.530032,0.1792834,2.647254,1.51155,-0.07033087,3.097776,1.757197,-0.414647,3.276613,2.011091,-0.7705225,3.447513,2.020216,-0.8531694,3.373625,1.592245,-0.1102955,3.091973,1.570679,-0.6315539,3.228484,1.391521,-1.099852,3.122979,1.444843,-1.186714,3.191298,
1.547204,-0.06321188,3.084598,1.536407,-0.0008801855,3.055408,1.482427,0.3107783,2.927791,1.513249,0.5539767,2.949835,1.396571,0.1528159,2.861048,1.619384,0.1131997,2.754412,1.53266,-0.1223187,2.799667,1.537764,-0.1908799,2.809829,1.51513,0.1755373,2.851494,1.516117,-0.06672845,2.864557,1.526553,0.1177804,2.69783,1.530032,0.1792834,2.647254,1.51155,-0.07033087,3.097776,1.757197,-0.414647,3.276613,2.011091,-0.7705225,3.447513,2.020216,-0.8531694,3.373625,1.592245,-0.1102955,3.091973,1.570679,-0.6315539,3.228484,1.391521,-1.099852,3.122979,1.444843,-1.186714,3.191298,
1.610983,-0.02305572,3.131069,1.595921,0.03456066,3.099184,1.520611,0.3226426,2.958036,1.546181,0.5516251,2.965446,1.434755,0.1646802,2.891292,1.655461,0.07508034,2.870412,1.569619,-0.14584,2.880683,1.574714,-0.2142818,2.890828,1.539238,0.1616023,2.854291,1.570177,-0.06660858,2.886367,1.56081,0.1437178,2.759675,1.557688,0.2138267,2.722428,1.608329,-0.08380329,3.120647,1.801704,-0.4250687,3.352827,2.001789,-0.7781749,3.579183,1.981756,-0.8659244,3.517802,1.642386,-0.07227976,3.191778,1.574144,-0.5256847,3.245366,1.404681,-0.9686408,3.14407,1.376621,-1.042224,3.072431,
1.610983,-0.02305572,3.131069,1.595921,0.03456066,3.099184,1.520611,0.3226426,2.958036,1.546181,0.5516251,2.965446,1.434755,0.1646802,2.891292,1.655461,0.07508034,2.870412,1.569619,-0.14584,2.880683,1.574714,-0.2142818,2.890828,1.539238,0.1616023,2.854291,1.570177,-0.06660858,2.886367,1.56081,0.1437178,2.759675,1.557688,0.2138267,2.722428,1.608329,-0.08380329,3.120647,1.801704,-0.4250687,3.352827,2.001789,-0.7781749,3.579183,1.981756,-0.8659244,3.517802,1.642386,-0.07227976,3.191778,1.574144,-0.5256847,3.245366,1.404681,-0.9686408,3.14407,1.376621,-1.042224,3.072431,
1.669331,0.1908338,3.262011,1.658114,0.2077826,3.231483,1.60203,0.2925268,3.097043,1.613858,0.5378494,3.056862,1.516174,0.1345645,3.030299,1.678256,0.002739161,3.114305,1.60605,-0.1409607,2.924464,1.611137,-0.2092944,2.934593,1.628759,0.1268034,2.994317,1.556041,-0.08610876,2.888593,1.608553,0.1442237,2.848006,1.626057,0.2210011,2.839441,1.617044,0.1878199,3.236169,1.786968,-0.3405877,3.328754,1.905168,-0.708154,3.374285,1.886605,-0.8050041,3.335128,1.747416,0.1548648,3.345384,1.668082,-0.2927899,3.409493,1.499169,-0.7343073,3.308552,1.541726,-0.8322541,3.367576,
1.669331,0.1908338,3.262011,1.658114,0.2077826,3.231483,1.60203,0.2925268,3.097043,1.613858,0.5378494,3.056862,1.516174,0.1345645,3.030299,1.678256,0.002739161,3.114305,1.60605,-0.1409607,2.924464,1.611137,-0.2092944,2.934593,1.628759,0.1268034,2.994317,1.556041,-0.08610876,2.888593,1.608553,0.1442237,2.848006,1.626057,0.2210011,2.839441,1.617044,0.1878199,3.236169,1.786968,-0.3405877,3.328754,1.905168,-0.708154,3.374285,1.886605,-0.8050041,3.335128,1.747416,0.1548648,3.345384,1.668082,-0.2927899,3.409493,1.499169,-0.7343073,3.308552,1.541726,-0.8322541,3.367576,
