Time,HipCenter_x,HipCenter_y,HipCenter_z,Spine_x,Spine_y,Spine_z,ShoulderCenter_x,ShoulderCenter_y,ShoulderCenter_z,Head_x,Head_y,Head_z,ShoulderLeft_x,ShoulderLeft_y,ShoulderLeft_z,ElbowLeft_x,ElbowLeft_y,ElbowLeft_z,WristLeft_x,WristLeft_y,WristLeft_z,HandLeft_x,HandLeft_y,HandLeft_z,ShoulderRight_x,ShoulderRight_y,ShoulderRight_z,ElbowRight_x,ElbowRight_y,ElbowRight_z,WristRight_x,WristRight_y,WristRight_z,HandRight_x,HandRight_y,HandRight_z,HipLeft_x,HipLeft_y,HipLeft_z,KneeLeft_x,KneeLeft_y,KneeLeft_z,AnkleLeft_x,AnkleLeft_y,AnkleLeft_z,FootLeft_x,FootLeft_y,FootLeft_z,HipRight_x,HipRight_y,HipRight_z,KneeRight_x,KneeRight_y,KneeRight_z,AnkleRight_x,AnkleRight_y,AnkleRight_z,FootRight_x,FootRight_y,FootRight_z,drop_this_col
0,0.02068204,-0.1727417,1.399382,0.037455,-0.1205135,1.373241,0.1209998,0.1401576,1.258956,0.1697849,0.2901561,1.124864,-0.00191541,0.1558931,1.317271,-0.1056153,0.1077963,1.560915,-0.006308831,-0.1533151,1.464978,0.01420386,-0.2407496,1.439445,0.2243972,0.03478925,1.218161,0.2815059,-0.1597557,1.120608,0.2944161,-0.3447448,0.9983264,0.3071565,-0.3971153,0.9552275,-0.05187323,-0.2068964,1.453717,-0.1566719,-0.5613032,1.539243,-0.2332851,-0.8203928,1.586353,-0.2827046,-0.8706801,1.525709,0.05690793,-0.2513433,1.391696,-0.04568689,-0.5343661,1.422768,-0.1661482,-0.8666761,1.449382,-0.2157359,-0.9129953,1.385404,
11,-0.033329,-0.1854022,1.47633,-0.01858043,-0.128191,1.454911,0.05392645,0.1593543,1.363882,0.1236899,0.3162225,1.244306,-0.09605482,0.1473499,1.407462,-0.2402434,0.04881956,1.616824,-0.2416205,-0.2369672,1.545085,-0.2563023,-0.5070161,1.488183,0.1820754,0.04390609,1.374748,0.2203386,-0.1651084,1.38751,0.1869347,-0.3483553,1.266201,0.1367967,-0.3538544,1.131328,-0.1161074,-0.2292199,1.50713,-0.1410438,-0.5342668,1.520347,-0.1696916,-0.8847156,1.525372,-0.188443,-0.9377177,1.451031,0.01672043,-0.2663881,1.4839,-0.02337403,-0.5954305,1.462329,-0.06308084,-0.9212916,1.428829,-0.08251332,-0.9703518,1.351999,
52,-0.03951595,-0.188315,1.489258,-0.02642576,-0.1300935,1.468926,0.03586635,0.1633368,1.384308,0.1063633,0.3209168,1.267484,-0.1149789,0.1436404,1.422298,-0.2673837,0.03932755,1.623811,-0.2364964,-0.2416396,1.538613,-0.2378566,-0.4415358,1.490433,0.1726557,0.05331209,1.402306,0.2091905,-0.1561028,1.414538,0.1625113,-0.3533126,1.328122,0.1108303,-0.369787,1.190439,-0.1227395,-0.2361299,1.516698,-0.1491421,-0.5342306,1.523596,-0.1808322,-0.8920292,1.522362,-0.1949831,-0.9444288,1.446581,0.01414797,-0.2682326,1.498258,-0.003987979,-0.5989707,1.473796,-0.0219566,-0.9266572,1.437431,-0.03464354,-0.9759649,1.35935,
99,-0.0555003,-0.1916434,1.518062,-0.04414862,-0.1318588,1.500155,0.01179929,0.1684304,1.426602,0.07773705,0.3320768,1.312913,-0.1463408,0.1360498,1.45074,-0.3291184,0.03647453,1.60931,-0.2654323,-0.2456429,1.557043,-0.2762192,-0.3457348,1.536267,0.1558427,0.06498597,1.459486,0.1783877,-0.1745201,1.483715,0.1328077,-0.3680345,1.387359,0.08800058,-0.3864069,1.280388,-0.1404865,-0.2461938,1.532996,-0.1590968,-0.5341433,1.531406,-0.1829955,-0.9039161,1.520901,-0.186928,-0.9552548,1.443179,0.004089763,-0.2708847,1.535149,-0.00128415,-0.5994903,1.481921,-0.006613086,-0.9253456,1.417026,-0.008772825,-0.9715092,1.336057,
122,-0.06553054,-0.1921293,1.531386,-0.05584604,-0.1313969,1.515082,-0.009297211,0.1743112,1.450112,0.05615183,0.3420089,1.339541,-0.1629954,0.1336578,1.466311,-0.3445357,-0.01358616,1.616897,-0.361493,-0.2202369,1.664421,-0.4074551,-0.2700033,1.675975,0.1420714,0.07201614,1.4931,0.1674363,-0.1723554,1.508844,0.1200604,-0.3722844,1.430237,0.06830062,-0.3976653,1.303879,-0.1502228,-0.2491995,1.540814,-0.1751909,-0.5354019,1.541701,-0.2074706,-0.9054165,1.534495,-0.2067089,-0.9564238,1.456461,-0.002825519,-0.2711205,1.550078,0.001513239,-0.5491238,1.494291,0.00733584,-0.9222033,1.411684,0.01154179,-0.9668161,1.329654,
143,-0.06553054,-0.1921293,1.531386,-0.05584604,-0.1313969,1.515082,-0.009297211,0.1743112,1.450112,0.05615183,0.3420089,1.339541,-0.1629954,0.1336578,1.466311,-0.3445357,-0.01358616,1.616897,-0.361493,-0.2202369,1.664421,-0.4074551,-0.2700033,1.675975,0.1420714,0.07201614,1.4931,0.1674363,-0.1723554,1.508844,0.1200604,-0.3722844,1.430237,0.06830062,-0.3976653,1.303879,-0.1502228,-0.2491995,1.540814,-0.1751909,-0.5354019,1.541701,-0.2074706,-0.9054165,1.534495,-0.2067089,-0.9564238,1.456461,-0.002825519,-0.2711205,1.550078,0.001513239,-0.5491238,1.494291,0.00733584,-0.9222033,1.411684,0.01154179,-0.9668161,1.329654,
178,-0.07625325,-0.1917678,1.545575,-0.06812178,-0.1302315,1.531104,-0.02837516,0.1790017,1.474608,0.03645889,0.3432801,1.361205,-0.1825179,0.1314478,1.485192,-0.3588827,-0.02266839,1.617556,-0.3728721,-0.2351015,1.640911,-0.3593767,-0.3267174,1.648979,0.1322572,0.0764856,1.519998,0.149933,-0.1630496,1.54527,0.112811,-0.3611942,1.45556,0.05869757,-0.40669,1.329973,-0.1609528,-0.2519111,1.550339,-0.2002313,-0.5471336,1.554367,-0.2477703,-0.904443,1.549861,-0.246142,-0.9548492,1.471453,-0.01054404,-0.2714715,1.56481,-0.01023936,-0.5495871,1.510108,-0.009830383,-0.9229003,1.428946,-0.003469871,-0.9662893,1.346415,
217,-0.0849258,-0.1907173,1.558476,-0.07843322,-0.1286142,1.545785,-0.04772548,0.1831153,1.498768,0.01153321,0.3510477,1.389754,-0.2082636,0.1292255,1.509377,-0.3796034,-0.03354802,1.615283,-0.3856209,-0.2479892,1.627084,-0.3787571,-0.3406192,1.630084,0.1171505,0.08018321,1.552818,0.1352113,-0.1554079,1.581331,0.1030445,-0.3519785,1.485595,0.07410598,-0.4055085,1.415356,-0.1698751,-0.2544139,1.559389,-0.2032539,-0.550141,1.556989,-0.2437636,-0.9090462,1.544741,-0.2388816,-0.9575509,1.465281,-0.01584068,-0.2712414,1.577916,-0.01644104,-0.5483441,1.517458,-0.01724701,-0.9203565,1.428563,-0.008500936,-0.9615411,1.34514,
246,-0.09575353,-0.1891045,1.572869,-0.09144927,-0.1263576,1.562536,-0.07193173,0.1884336,1.527502,-0.01066338,0.3602642,1.418745,-0.2297577,0.1266568,1.529862,-0.3991573,-0.05208459,1.616973,-0.4062855,-0.2750399,1.605264,-0.3991809,-0.3674635,1.598923,0.09993034,0.08632008,1.585394,0.1213402,-0.1537863,1.608213,0.09516955,-0.3585026,1.532331,0.04487444,-0.4199684,1.380251,-0.1793299,-0.2565579,1.568345,-0.2124233,-0.5544455,1.564388,-0.2520715,-0.9113349,1.550118,-0.2436967,-0.9582864,1.470019,-0.02312918,-0.270084,1.592438,-0.0224137,-0.5480377,1.524192,-0.02146585,-0.9162638,1.425831,-0.00914302,-0.9541341,1.341542,
272,-0.1090787,-0.1901963,1.58792,-0.1057836,-0.1271069,1.57919,-0.08925839,0.1890188,1.550925,-0.03463335,0.359618,1.446132,-0.2497726,0.12399,1.551111,-0.4132554,-0.06993669,1.617214,-0.4254453,-0.3226482,1.577418,-0.4232206,-0.3961951,1.564564,0.08213465,0.09165075,1.614747,0.1012726,-0.1501449,1.637273,0.09125439,-0.3533595,1.552518,0.07091951,-0.4098491,1.481635,-0.1916699,-0.2606871,1.579654,-0.2181571,-0.5574808,1.570394,-0.2502415,-0.9169924,1.549816,-0.2387997,-0.9623619,1.469187,-0.0345672,-0.2704822,1.606679,-0.02805591,-0.5513353,1.530217,-0.01967582,-0.9127958,1.423392,-0.004602797,-0.9485433,1.338626,
318,-0.1205435,-0.1923008,1.602176,-0.1184163,-0.1287311,1.595399,-0.1087867,0.1902422,1.578874,-0.06079463,0.3677102,1.476604,-0.2682285,0.1196625,1.572693,-0.4255226,-0.0856273,1.614872,-0.4402727,-0.3325758,1.556503,-0.4381533,-0.4049151,1.538156,0.0612625,0.09745422,1.643214,0.08703925,-0.1565198,1.662845,0.07679822,-0.3575227,1.57208,0.04520747,-0.4295744,1.429199,-0.201233,-0.2643408,1.590346,-0.2240018,-0.5597154,1.577442,-0.2518683,-0.9212207,1.552445,-0.2378087,-0.9646625,1.471174,-0.0449957,-0.2711426,1.619626,-0.03250553,-0.5527749,1.536012,-0.01669362,-0.9093069,1.421481,0.001113422,-0.9421065,1.336059,
355,-0.1451285,-0.1981228,1.629807,-0.1455544,-0.1336798,1.629188,-0.1457285,0.1902938,1.632594,-0.1083497,0.3753199,1.537629,-0.3055572,0.1113924,1.617501,-0.4418108,-0.1101057,1.613438,-0.4641152,-0.3496945,1.503668,-0.460554,-0.4192543,1.469582,0.01859966,0.09845243,1.686304,0.05846704,-0.1682798,1.707337,0.06269805,-0.3593818,1.594175,0.04876398,-0.4338326,1.470941,-0.2209935,-0.2716027,1.60966,-0.2460096,-0.5702769,1.597567,-0.2759674,-0.927949,1.573556,-0.2620698,-0.9692803,1.491149,-0.06907962,-0.2738945,1.645223,-0.03776049,-0.5547767,1.545632,0.0006685406,-0.8994233,1.414269,0.02063269,-0.9260605,1.327183,
376,-0.1451285,-0.1981228,1.629807,-0.1455544,-0.1336798,1.629188,-0.1457285,0.1902938,1.632594,-0.1083497,0.3753199,1.537629,-0.3055572,0.1113924,1.617501,-0.4418108,-0.1101057,1.613438,-0.4641152,-0.3496945,1.503668,-0.460554,-0.4192543,1.469582,0.01859966,0.09845243,1.686304,0.05846704,-0.1682798,1.707337,0.06269805,-0.3593818,1.594175,0.04876398,-0.4338326,1.470941,-0.2209935,-0.2716027,1.60966,-0.2460096,-0.5702769,1.597567,-0.2759674,-0.927949,1.573556,-0.2620698,-0.9692803,1.491149,-0.06907962,-0.2738945,1.645223,-0.03776049,-0.5547767,1.545632,0.0006685406,-0.8994233,1.414269,0.02063269,-0.9260605,1.327183,
412,-0.1559646,-0.2008034,1.643722,-0.158115,-0.13609,1.647211,-0.1647433,0.1904828,1.656736,-0.1279919,0.376096,1.561472,-0.3260591,0.1062949,1.641207,-0.4452289,-0.1163367,1.614001,-0.4684583,-0.3480898,1.482795,-0.4635591,-0.4113784,1.444385,-0.0007169507,0.09761684,1.704195,0.04704846,-0.1697946,1.723355,0.06009149,-0.3563591,1.602645,0.05094971,-0.4323368,1.483761,-0.2301665,-0.2754093,1.620874,-0.2614319,-0.5735747,1.605806,-0.2988468,-0.9303849,1.578236,-0.2874172,-0.9704082,1.494792,-0.07873543,-0.2749627,1.65772,-0.0381779,-0.5517821,1.549477,0.01158928,-0.8914607,1.407494,0.03109649,-0.915168,1.319444,
448,-0.166359,-0.2029769,1.655104,-0.1703149,-0.138341,1.663614,-0.1827317,0.1905196,1.679516,-0.1509743,0.378401,1.589159,-0.3406457,0.1032611,1.659838,-0.4492109,-0.1223371,1.614958,-0.4688178,-0.3395516,1.469122,-0.4606596,-0.4023376,1.421787,-0.0181894,0.09746075,1.719331,0.0376038,-0.1685384,1.739183,0.05597534,-0.3515275,1.613204,0.05250208,-0.4312929,1.500118,-0.2391007,-0.2781006,1.630424,-0.2672323,-0.5744115,1.609373,-0.3013183,-0.9334409,1.574516,-0.2902272,-0.9713625,1.490025,-0.08783741,-0.2756132,1.666955,-0.04037005,-0.5502923,1.553566,0.01760603,-0.885782,1.405842,0.03716883,-0.9069535,1.317136,
476,-0.1768631,-0.2040983,1.665818,-0.1820887,-0.1397258,1.679531,-0.1971984,0.1911675,1.698588,-0.1716847,0.3815728,1.614196,-0.3576187,0.09934346,1.680156,-0.4515083,-0.1233351,1.617613,-0.463559,-0.3289741,1.457723,-0.4525316,-0.387972,1.406217,-0.03246091,0.0971325,1.734283,0.02935891,-0.166086,1.754185,0.05075054,-0.3458423,1.623627,0.05342245,-0.4051825,1.552295,-0.2493052,-0.2804276,1.640474,-0.2706906,-0.5713743,1.612661,-0.2975132,-0.9362936,1.568956,-0.2869875,-0.9720371,1.483418,-0.0969238,-0.275453,1.675119,-0.0457173,-0.5525908,1.558775,0.01534403,-0.8830646,1.410449,0.03386694,-0.9028119,1.321162,
529,-0.1865356,-0.2050012,1.67611,-0.1927327,-0.1409946,1.69482,-0.2095607,0.1929278,1.719501,-0.1887154,0.3863012,1.636415,-0.369254,0.09670573,1.695323,-0.4552231,-0.1219365,1.624124,-0.4560439,-0.3135098,1.452249,-0.4396607,-0.3681031,1.394999,-0.04809121,0.09514681,1.747796,0.02474145,-0.162616,1.764373,0.04629502,-0.3398392,1.630071,0.05124152,-0.3987208,1.558481,-0.258071,-0.2817909,1.649251,-0.2723777,-0.5692685,1.616123,-0.2907196,-0.93783,1.565176,-0.2794057,-0.971592,1.478905,-0.1066698,-0.274555,1.683728,-0.0527392,-0.5508553,1.563127,0.01109738,-0.8779067,1.410674,0.02968109,-0.8956684,1.320953,
564,-0.2034837,-0.2021391,1.694022,-0.2122394,-0.1396618,1.721229,-0.2364222,0.1963238,1.754209,-0.2247372,0.3914916,1.678657,-0.3921953,0.09522745,1.724938,-0.4656409,-0.1174706,1.643104,-0.4411938,-0.2885865,1.449913,-0.4173311,-0.3385372,1.386836,-0.07249234,0.1003517,1.778688,0.01365692,-0.155078,1.783029,0.03625343,-0.3282603,1.640831,0.04692764,-0.3921976,1.541139,-0.2735799,-0.2792531,1.664685,-0.2797255,-0.5665199,1.62999,-0.287624,-0.9357198,1.576966,-0.2749645,-0.9678659,1.490208,-0.1217501,-0.2702685,1.698188,-0.06431995,-0.5452265,1.571119,0.0029209,-0.8671547,1.412485,0.02198048,-0.8816507,1.322224,
600,-0.2101606,-0.1999512,1.701416,-0.2197221,-0.1381545,1.732326,-0.2456054,0.1998051,1.769267,-0.2368048,0.3960773,1.697239,-0.4014263,0.09642038,1.73763,-0.4720068,-0.1155294,1.652978,-0.4360037,-0.260778,1.462742,-0.4057299,-0.3193699,1.389813,-0.08288728,0.103433,1.790709,0.007621711,-0.1474899,1.792798,0.03703282,-0.319351,1.638391,0.04536235,-0.3831239,1.540353,-0.2795963,-0.2773142,1.670747,-0.2856338,-0.5664409,1.637917,-0.2933126,-0.9341644,1.587562,-0.2808815,-0.9663921,1.500773,-0.1283009,-0.2669169,1.704512,-0.06817596,-0.54337,1.575125,0.001054101,-0.8616882,1.416044,0.02017118,-0.8749588,1.325579,
624,-0.2164193,-0.1976813,1.708056,-0.2267406,-0.1365082,1.74228,-0.2555791,0.2036873,1.78282,-0.2461487,0.4006945,1.714537,-0.4112061,0.09602371,1.75042,-0.4769285,-0.1121672,1.666016,-0.4337672,-0.2540169,1.465373,-0.3981419,-0.3073571,1.39345,-0.09166686,0.1073904,1.80236,0.002460803,-0.1395799,1.798188,0.03481435,-0.3108733,1.629785,0.04142002,-0.369911,1.537607,-0.2855354,-0.2755632,1.676979,-0.2908129,-0.5673614,1.6462,-0.2974231,-0.9328433,1.598808,-0.2854714,-0.9652964,1.512003,-0.1336937,-0.2637702,1.709272,-0.0715423,-0.5429521,1.580202,-0.001156464,-0.859123,1.423696,0.01767913,-0.8716948,1.333042,
650,-0.2227578,-0.195173,1.71492,-0.234108,-0.1346128,1.752113,-0.2671898,0.2076561,1.795791,-0.2569512,0.4040574,1.730837,-0.4188595,0.0964216,1.76086,-0.4845763,-0.1074919,1.676297,-0.4323173,-0.2339784,1.482046,-0.391482,-0.2911573,1.40106,-0.09819968,0.1089138,1.812386,-0.00118639,-0.1329548,1.801994,0.03273275,-0.3012379,1.620961,0.0350433,-0.3508428,1.534384,-0.2906969,-0.2737682,1.682683,-0.2971632,-0.5705305,1.655511,-0.3050297,-0.9315568,1.613166,-0.2935371,-0.964826,1.526573,-0.1394732,-0.2603675,1.714985,-0.07990888,-0.5422592,1.590346,-0.01256657,-0.8609608,1.439072,0.005970167,-0.8735457,1.348324,
685,-0.2287545,-0.1926636,1.721932,-0.2405148,-0.1327634,1.76151,-0.2751135,0.2098852,1.805844,-0.2675267,0.4072333,1.746718,-0.4266204,0.09655058,1.771339,-0.503648,-0.113522,1.669827,-0.4321406,-0.2264282,1.487643,-0.3868598,-0.2777245,1.409067,-0.1039592,0.1109241,1.82111,-0.006457081,-0.1252778,1.805635,0.02661072,-0.2924697,1.61081,0.02531392,-0.3353725,1.528333,-0.2964554,-0.2715145,1.689712,-0.3000818,-0.5727975,1.663112,-0.3043762,-0.9295809,1.62192,-0.2930272,-0.962885,1.535283,-0.1446485,-0.2575791,1.720342,-0.08842608,-0.5444867,1.603337,-0.02535145,-0.8663619,1.461605,-0.007532807,-0.8799884,1.370826,
753,-0.2397967,-0.1880073,1.736101,-0.2501886,-0.1291217,1.779546,-0.2865572,0.2138528,1.823486,-0.2798046,0.4141065,1.772514,-0.4489345,0.1005738,1.804591,-0.5227839,-0.1117024,1.689425,-0.4335442,-0.210488,1.506891,-0.3834017,-0.2550296,1.430796,-0.116257,0.1133964,1.835171,-0.01269768,-0.1126611,1.809314,0.007501327,-0.2590869,1.610823,0.001031572,-0.3067072,1.510495,-0.3075127,-0.2675467,1.704216,-0.3060666,-0.5798602,1.678222,-0.3044643,-0.9259246,1.638777,-0.2972639,-0.9593255,1.551665,-0.1549457,-0.2530127,1.731976,-0.09788951,-0.5485771,1.626506,-0.03560492,-0.8712258,1.500524,-0.02204286,-0.8870217,1.409297,
782,-0.2434004,-0.1865187,1.742402,-0.2537858,-0.128193,1.787608,-0.2901568,0.215489,1.833098,-0.2869183,0.4159896,1.783714,-0.4534341,0.09925222,1.811268,-0.5301094,-0.1113977,1.698389,-0.4371019,-0.2055316,1.515268,-0.3832718,-0.2462077,1.440428,-0.1201523,0.1144519,1.841506,-0.01328901,-0.1105534,1.80936,-0.002119821,-0.2359321,1.621424,-0.009841261,-0.295922,1.507445,-0.3114322,-0.2670061,1.710485,-0.307159,-0.5813307,1.68427,-0.302482,-0.9253579,1.644765,-0.2950686,-0.9585929,1.557657,-0.1581704,-0.2514451,1.737024,-0.1005521,-0.5516354,1.639188,-0.03852217,-0.87481,1.522825,-0.02490081,-0.8916665,1.431843,
813,-0.2468001,-0.1852265,1.748163,-0.2563035,-0.1273738,1.79499,-0.293122,0.2165185,1.841392,-0.2921643,0.4179285,1.794215,-0.4616544,0.09943267,1.825796,-0.5359519,-0.1105689,1.704392,-0.4379228,-0.2019141,1.522601,-0.3824465,-0.2390011,1.451435,-0.1246595,0.1150715,1.847445,-0.01620652,-0.1069737,1.808694,-0.01091599,-0.2275358,1.617172,-0.02934154,-0.281787,1.502861,-0.3150763,-0.2662094,1.716204,-0.3081259,-0.584713,1.692113,-0.3007065,-0.9247057,1.655245,-0.2950722,-0.9584877,1.568193,-0.1613729,-0.2503034,1.741697,-0.1044703,-0.5532674,1.653223,-0.04324881,-0.8792264,1.546987,-0.0314981,-0.8977761,1.456055,
844,-0.2509211,-0.184381,1.754313,-0.2591785,-0.126735,1.802538,-0.2965645,0.2179394,1.849234,-0.2968841,0.4196238,1.802686,-0.4690473,0.1013337,1.842466,-0.5443172,-0.109801,1.717448,-0.4396751,-0.196844,1.535771,-0.3814507,-0.2326058,1.463214,-0.1284521,0.1155334,1.85234,-0.01888219,-0.1023436,1.80867,-0.02433931,-0.2211953,1.61604,-0.0512357,-0.2712162,1.500149,-0.3198496,-0.2653711,1.72283,-0.3081222,-0.5855103,1.698541,-0.295736,-0.9236326,1.661594,-0.2921483,-0.9573882,1.574401,-0.1651297,-0.2500848,1.746693,-0.1056626,-0.5556527,1.664451,-0.04226291,-0.8814285,1.565602,-0.03268261,-0.9013402,1.474681,
861,-0.2509211,-0.184381,1.754313,-0.2591785,-0.126735,1.802538,-0.2965645,0.2179394,1.849234,-0.2968841,0.4196238,1.802686,-0.4690473,0.1013337,1.842466,-0.5443172,-0.109801,1.717448,-0.4396751,-0.196844,1.535771,-0.3814507,-0.2326058,1.463214,-0.1284521,0.1155334,1.85234,-0.01888219,-0.1023436,1.80867,-0.02433931,-0.2211953,1.61604,-0.0512357,-0.2712162,1.500149,-0.3198496,-0.2653711,1.72283,-0.3081222,-0.5855103,1.698541,-0.295736,-0.9236326,1.661594,-0.2921483,-0.9573882,1.574401,-0.1651297,-0.2500848,1.746693,-0.1056626,-0.5556527,1.664451,-0.04226291,-0.8814285,1.565602,-0.03268261,-0.9013402,1.474681,
882,-0.25557,-0.1833979,1.761018,-0.2635374,-0.1258973,1.810364,-0.3004543,0.2198624,1.856879,-0.3024554,0.4195829,1.809121,-0.4719388,0.1025451,1.848723,-0.5475847,-0.1110977,1.726469,-0.4385685,-0.1931572,1.545397,-0.3787861,-0.2282228,1.473049,-0.1310638,0.1159351,1.856772,-0.02146645,-0.09371921,1.808943,-0.05263662,-0.2017275,1.612186,-0.07913598,-0.2592275,1.500948,-0.3255096,-0.2639742,1.730631,-0.3077872,-0.5878288,1.707243,-0.2895075,-0.9218646,1.671517,-0.2852827,-0.9558186,1.584407,-0.169165,-0.2500254,1.752002,-0.108272,-0.5622717,1.677661,-0.04529986,-0.8851793,1.589214,-0.03571458,-0.90675,1.49865,
902,-0.25557,-0.1833979,1.761018,-0.2635374,-0.1258973,1.810364,-0.3004543,0.2198624,1.856879,-0.3024554,0.4195829,1.809121,-0.4719388,0.1025451,1.848723,-0.5475847,-0.1110977,1.726469,-0.4385685,-0.1931572,1.545397,-0.3787861,-0.2282228,1.473049,-0.1310638,0.1159351,1.856772,-0.02146645,-0.09371921,1.808943,-0.05263662,-0.2017275,1.612186,-0.07913598,-0.2592275,1.500948,-0.3255096,-0.2639742,1.730631,-0.3077872,-0.5878288,1.707243,-0.2895075,-0.9218646,1.671517,-0.2852827,-0.9558186,1.584407,-0.169165,-0.2500254,1.752002,-0.108272,-0.5622717,1.677661,-0.04529986,-0.8851793,1.589214,-0.03571458,-0.90675,1.49865,
929,-0.2594932,-0.1820104,1.76805,-0.266975,-0.1245684,1.818156,-0.3047145,0.2214313,1.86297,-0.3054461,0.4212466,1.815469,-0.477633,0.1045783,1.858426,-0.5493119,-0.1099328,1.732684,-0.4355369,-0.1898548,1.550826,-0.3734049,-0.2230042,1.486215,-0.1336051,0.1170891,1.86109,-0.0260202,-0.08342141,1.811728,-0.05675572,-0.1986019,1.619344,-0.1065262,-0.2383573,1.518755,-0.3300269,-0.2626174,1.738216,-0.3073519,-0.5924907,1.71944,-0.2848168,-0.9203296,1.688707,-0.2809988,-0.9555203,1.602044,-0.1721272,-0.2498125,1.758126,-0.1104829,-0.5685186,1.688416,-0.04881273,-0.8873583,1.606686,-0.04030482,-0.9102744,1.516321,
962,-0.2615994,-0.1812991,1.773891,-0.2690124,-0.1239232,1.824635,-0.3071114,0.2223522,1.867822,-0.3092412,0.4217469,1.821662,-0.4794717,0.104727,1.863509,-0.5531531,-0.1091259,1.739685,-0.4282244,-0.1878678,1.555811,-0.367922,-0.2183334,1.499948,-0.1359142,0.1182778,1.865371,-0.02751515,-0.08055896,1.811451,-0.07013373,-0.1946521,1.62086,-0.1384532,-0.2183945,1.52753,-0.3321803,-0.2621474,1.744829,-0.3072155,-0.5973948,1.731916,-0.2832024,-0.9198613,1.707023,-0.2792114,-0.9565644,1.620972,-0.1741413,-0.2491128,1.763715,-0.11412,-0.5728638,1.697684,-0.05547678,-0.8891817,1.620885,-0.04741942,-0.9131237,1.53072,
987,-0.263622,-0.1797141,1.781427,-0.2706279,-0.1222923,1.832522,-0.3095181,0.2238036,1.873066,-0.3122165,0.4227391,1.827007,-0.482832,0.1069821,1.873392,-0.5668321,-0.1051139,1.771866,-0.4323369,-0.1749658,1.584069,-0.369293,-0.2058483,1.524178,-0.1391263,0.1211809,1.871082,-0.02882649,-0.07896575,1.810501,-0.08650468,-0.1896372,1.622062,-0.1609521,-0.2012721,1.5436,-0.3334858,-0.2610646,1.753619,-0.3084005,-0.5992502,1.742483,-0.2846883,-0.9189256,1.719274,-0.2817797,-0.9561713,1.633388,-0.1767064,-0.2471635,1.771033,-0.1152697,-0.5806203,1.709039,-0.05843408,-0.8891044,1.638755,-0.05129506,-0.9143982,1.548858,
1024,-0.2648559,-0.1793715,1.789834,-0.2713968,-0.125483,1.839636,-0.3081217,0.1830856,1.875469,-0.3150976,0.4242698,1.833119,-0.4842311,0.1078207,1.878091,-0.5767242,-0.1019286,1.798974,-0.3874205,-0.1772122,1.577589,-0.2854111,-0.2188036,1.517711,-0.1413957,0.1232211,1.875773,-0.0297432,-0.07773063,1.809175,-0.1068189,-0.1834368,1.625233,-0.1450344,-0.1647449,1.62183,-0.3336513,-0.261026,1.76326,-0.3093184,-0.6057808,1.759325,-0.2872115,-0.9189967,1.74261,-0.2844358,-0.9581679,1.657548,-0.1790446,-0.2466903,1.780121,-0.1193682,-0.5828054,1.720184,-0.06480072,-0.8901454,1.652313,-0.05786928,-0.9156863,1.562439,
1085,-0.2679518,-0.1771614,1.807824,-0.2733881,-0.1257161,1.856587,-0.3088955,0.1805879,1.878135,-0.3195591,0.4266664,1.843028,-0.4881496,0.1111061,1.891559,-0.5572243,-0.1247328,1.790154,-0.3465914,-0.1686241,1.595126,-0.2799083,-0.1765213,1.557085,-0.1445013,0.1259033,1.88321,-0.03197677,-0.0776803,1.806709,-0.1598939,-0.1626019,1.642908,-0.2234282,-0.1895214,1.579427,-0.3352749,-0.2588577,1.786282,-0.310121,-0.6105349,1.776377,-0.2881887,-0.9171711,1.754149,-0.2870267,-0.9548967,1.668352,-0.1833031,-0.2450562,1.796318,-0.1263234,-0.5845718,1.741596,-0.07487716,-0.8911154,1.678981,-0.06986908,-0.9189229,1.589609,
1223,-0.271105,-0.1760049,1.833565,-0.2752759,-0.1255541,1.881788,-0.3104389,0.1733721,1.886579,-0.3243462,0.4227757,1.854158,-0.4916412,0.1128822,1.907725,-0.5519026,-0.1366091,1.772629,-0.3037617,-0.1496823,1.607432,-0.2852359,-0.1585692,1.580369,-0.1462403,0.1297994,1.891558,-0.04894462,-0.07587049,1.80443,-0.2407268,-0.1502949,1.645154,-0.2880358,-0.1584547,1.582486,-0.3370499,-0.2582091,1.817545,-0.3139645,-0.6199908,1.801195,-0.2949949,-0.9172717,1.773546,-0.2964184,-0.9542136,1.687289,-0.187989,-0.2454571,1.821925,-0.1400685,-0.5977368,1.788962,-0.09911706,-0.8987853,1.746989,-0.09718845,-0.9323105,1.659357,
1246,-0.2716345,-0.1766327,1.840515,-0.2755288,-0.1258895,1.888474,-0.3098777,0.1720891,1.8893,-0.3242847,0.4216109,1.856791,-0.4910706,0.1123759,1.910067,-0.5499165,-0.1385275,1.776877,-0.3033494,-0.1480644,1.60887,-0.2849853,-0.1547637,1.585888,-0.1454981,0.1292567,1.893507,-0.05133085,-0.07621498,1.805008,-0.2068605,-0.1637269,1.671582,-0.2867235,-0.1558626,1.58785,-0.3378238,-0.2587658,1.825467,-0.3149803,-0.6216548,1.806266,-0.2963333,-0.9178778,1.776313,-0.2979224,-0.9544612,1.689883,-0.1888903,-0.2468283,1.829581,-0.1426369,-0.5988781,1.796208,-0.1029962,-0.9005968,1.753834,-0.1014389,-0.9343333,1.666253,
1288,-0.2727725,-0.1772188,1.847878,-0.2761733,-0.1260056,1.895502,-0.3090045,0.1713996,1.892385,-0.3242992,0.4206387,1.858441,-0.4896547,0.1125987,1.913446,-0.5475869,-0.139824,1.779566,-0.3225307,-0.1341204,1.615198,-0.2866216,-0.1480345,1.5916,-0.1449882,0.1288661,1.896175,-0.05463254,-0.07742962,1.806229,-0.2079328,-0.1646596,1.669773,-0.2863824,-0.1520767,1.590981,-0.3392649,-0.2590738,1.834474,-0.316788,-0.6218847,1.811725,-0.2984331,-0.9181613,1.778874,-0.3002654,-0.9543176,1.692249,-0.1909507,-0.2475471,1.837319,-0.1426108,-0.6030631,1.805092,-0.1020799,-0.9011476,1.764067,-0.1004841,-0.9354073,1.676671,
1325,-0.2734141,-0.1771948,1.854978,-0.2764841,-0.125723,1.90239,-0.3082822,0.170687,1.895929,-0.3242711,0.4194117,1.859758,-0.4889411,0.1128366,1.91796,-0.5439842,-0.1414308,1.782562,-0.3214848,-0.1257885,1.613671,-0.2876441,-0.1436345,1.595041,-0.1441761,0.1284256,1.899753,-0.05714791,-0.07929537,1.808097,-0.210022,-0.1649682,1.670016,-0.2865378,-0.1463564,1.600808,-0.3400686,-0.2590712,1.842945,-0.3168029,-0.6189711,1.81759,-0.2974745,-0.9179642,1.78243,-0.2994001,-0.9538569,1.695679,-0.19194,-0.2478786,1.844138,-0.1459141,-0.6033422,1.813325,-0.1072122,-0.9022415,1.773444,-0.1061301,-0.9370334,1.686231,
1356,-0.2733495,-0.1788033,1.862324,-0.2766418,-0.1266156,1.909395,-0.3072103,0.1703559,1.899382,-0.3231598,0.4187316,1.861457,-0.4873075,0.1123334,1.919449,-0.5379362,-0.1453865,1.794013,-0.2999309,-0.1310089,1.617047,-0.2868152,-0.1412646,1.598567,-0.1439973,0.1291107,1.904564,-0.0578501,-0.08013985,1.809887,-0.2134061,-0.1652836,1.674749,-0.2893247,-0.1437906,1.610121,-0.3398273,-0.2600306,1.850939,-0.3161828,-0.6173828,1.822868,-0.2962442,-0.9187255,1.785256,-0.2973653,-0.9543373,1.698357,-0.1926875,-0.2494026,1.852775,-0.150162,-0.606042,1.823443,-0.1145388,-0.904794,1.784863,-0.1131908,-0.9400837,1.697836,
1386,-0.2718846,-0.1803343,1.868798,-0.2760601,-0.1281674,1.915901,-0.3049591,0.1682366,1.904073,-0.3210406,0.4165075,1.865226,-0.4851315,0.1107488,1.919205,-0.5360914,-0.1477039,1.798373,-0.3006621,-0.1307168,1.617314,-0.2865642,-0.1392458,1.604672,-0.1417141,0.1303348,1.912347,-0.05808247,-0.08215949,1.815698,-0.2147193,-0.1637159,1.679474,-0.2916981,-0.1420836,1.620389,-0.338272,-0.2614168,1.8568,-0.317121,-0.6221643,1.828899,-0.2996282,-0.9205185,1.791684,-0.2992146,-0.9561769,1.704776,-0.1915213,-0.2509844,1.860494,-0.1483017,-0.6097156,1.830637,-0.1125676,-0.9063166,1.791808,-0.1093066,-0.941443,1.704744,
1419,-0.2718846,-0.1803343,1.868798,-0.2760601,-0.1281674,1.915901,-0.3049591,0.1682366,1.904073,-0.3210406,0.4165075,1.865226,-0.4851315,0.1107488,1.919205,-0.5360914,-0.1477039,1.798373,-0.3006621,-0.1307168,1.617314,-0.2865642,-0.1392458,1.604672,-0.1417141,0.1303348,1.912347,-0.05808247,-0.08215949,1.815698,-0.2147193,-0.1637159,1.679474,-0.2916981,-0.1420836,1.620389,-0.338272,-0.2614168,1.8568,-0.317121,-0.6221643,1.828899,-0.2996282,-0.9205185,1.791684,-0.2992146,-0.9561769,1.704776,-0.1915213,-0.2509844,1.860494,-0.1483017,-0.6097156,1.830637,-0.1125676,-0.9063166,1.791808,-0.1093066,-0.941443,1.704744,
1454,-0.2715171,-0.1804582,1.875629,-0.275512,-0.1281995,1.922446,-0.3039937,0.1670342,1.908367,-0.3193637,0.4152052,1.868475,-0.4832101,0.1105321,1.92588,-0.5342804,-0.1482004,1.803103,-0.3114745,-0.1213971,1.633,-0.285723,-0.1391491,1.611561,-0.1401185,0.1304856,1.918152,-0.05871684,-0.08405932,1.821617,-0.2145321,-0.1673912,1.685506,-0.2886157,-0.1410105,1.623039,-0.3378284,-0.2616874,1.864422,-0.3162834,-0.6260241,1.833172,-0.298865,-0.920578,1.793537,-0.2986731,-0.9559021,1.706473,-0.1913177,-0.2513605,1.867338,-0.1489356,-0.6114014,1.839511,-0.1141209,-0.9071555,1.802443,-0.1111876,-0.9428515,1.715579,
1487,-0.2705678,-0.1811314,1.881173,-0.2746173,-0.1288716,1.928179,-0.3015669,0.1666753,1.914154,-0.3172297,0.4146351,1.873087,-0.4805354,0.1095336,1.929743,-0.5320773,-0.1505659,1.814034,-0.342119,-0.154397,1.699484,-0.2854915,-0.1390057,1.618922,-0.1389769,0.1307714,1.924271,-0.05793662,-0.08603865,1.829644,-0.2138645,-0.1672055,1.692208,-0.2853712,-0.1410415,1.627156,-0.3369106,-0.2619679,1.869769,-0.3147846,-0.6244776,1.836284,-0.2967079,-0.920644,1.794664,-0.2959461,-0.9555349,1.70741,-0.1908902,-0.2519179,1.872994,-0.1520316,-0.6200005,1.854635,-0.1215018,-0.9091892,1.825559,-0.1184535,-0.9465165,1.739369,
1636,-0.2615665,-0.1862157,1.91469,-0.2671781,-0.1331943,1.962135,-0.2884331,0.1673061,1.948858,-0.2955834,0.4144418,1.901838,-0.4588672,0.1090451,1.957683,-0.5231853,-0.1540148,1.850566,-0.3335011,-0.1629447,1.735584,-0.2671518,-0.1446366,1.663774,-0.1225757,0.1254656,1.967958,-0.03991581,-0.09931128,1.884563,-0.2004779,-0.1562777,1.739649,-0.2668082,-0.1305793,1.679093,-0.3287588,-0.2638859,1.90124,-0.3121204,-0.6166959,1.858227,-0.2977118,-0.9222241,1.807333,-0.2936032,-0.9552306,1.719359,-0.1828426,-0.2582592,1.908721,-0.1631017,-0.6386617,1.906206,-0.1485613,-0.9188526,1.889099,-0.14382,-0.9587117,1.804119,
1660,-0.258229,-0.1879772,1.922249,-0.2642764,-0.1354318,1.970085,-0.2837366,0.1644297,1.958102,-0.2891191,0.4116247,1.910714,-0.45327,0.1090778,1.962807,-0.5198052,-0.1542025,1.858959,-0.3270871,-0.1667372,1.750134,-0.2631373,-0.1454408,1.671509,-0.1188158,0.1242726,1.978138,-0.03398413,-0.1024133,1.901181,-0.1924491,-0.1538396,1.751513,-0.252344,-0.1373944,1.692388,-0.3252114,-0.2648246,1.907701,-0.3121939,-0.6157273,1.862843,-0.300788,-0.9231899,1.810021,-0.2958275,-0.9556953,1.721884,-0.1804182,-0.2597588,1.916621,-0.1668667,-0.6361588,1.915237,-0.1566235,-0.9206659,1.899176,-0.1513288,-0.9608687,1.814294,
1698,-0.253704,-0.1902376,1.931474,-0.260939,-0.1371595,1.979163,-0.2789114,0.1647418,1.966202,-0.2831286,0.4120593,1.918702,-0.4491732,0.1078149,1.965328,-0.5163772,-0.154918,1.865123,-0.3225475,-0.1648542,1.758186,-0.2560394,-0.1457402,1.682386,-0.1146153,0.1218457,1.989834,-0.03276449,-0.1047236,1.911119,-0.1908816,-0.1570041,1.761333,-0.2526788,-0.1375481,1.693043,-0.3211801,-0.2663957,1.915501,-0.3121243,-0.614912,1.867389,-0.2834761,-0.9248569,1.835525,-0.2735167,-0.9608098,1.749151,-0.1757374,-0.2623063,1.92794,-0.1620956,-0.6409935,1.930646,-0.1957135,-0.9219965,1.902971,-0.1947867,-0.9602626,1.817023,
1723,-0.2494502,-0.1897731,1.939556,-0.2582127,-0.1372594,1.987292,-0.272311,0.1631378,1.975122,-0.2760019,0.410887,1.928451,-0.4450481,0.1065739,1.969539,-0.5132222,-0.1549465,1.87203,-0.3168008,-0.1619827,1.770252,-0.2487404,-0.145374,1.695695,-0.1063227,0.1248265,2.009537,-0.02832876,-0.1102067,1.930374,-0.1852109,-0.1595791,1.778069,-0.248077,-0.1380722,1.697479,-0.3175673,-0.2660181,1.921956,-0.3111918,-0.6125731,1.870435,-0.2831434,-0.9236932,1.825552,-0.269966,-0.9569662,1.738519,-0.1716681,-0.2628255,1.936985,-0.160141,-0.6424719,1.940156,-0.1978145,-0.9221587,1.919352,-0.194082,-0.9620909,1.834224,
1749,-0.24423,-0.1895226,1.950256,-0.2536739,-0.1370775,1.997812,-0.2678002,0.1624524,1.984287,-0.266619,0.4108072,1.93895,-0.4414508,0.1067517,1.976424,-0.5090029,-0.1580128,1.878351,-0.3093991,-0.1609721,1.783593,-0.2436887,-0.1424736,1.704098,-0.1031489,0.1222937,2.020441,-0.02830288,-0.1130369,1.941461,-0.1863545,-0.1636853,1.790889,-0.2411786,-0.1333833,1.707769,-0.3123114,-0.2655519,1.931495,-0.3101596,-0.6097357,1.872323,-0.2850849,-0.9175935,1.788212,-0.2719679,-0.9446366,1.699021,-0.1661471,-0.2636975,1.949277,-0.1610815,-0.6396328,1.947508,-0.1952506,-0.9234706,1.934176,-0.1900585,-0.9649957,1.849873,
1775,-0.2403936,-0.1904436,1.959015,-0.2502503,-0.1384067,2.006901,-0.2612635,0.1610193,1.995553,-0.261718,0.4078152,1.945264,-0.4352597,0.1075323,1.984003,-0.5057971,-0.1619982,1.890526,-0.3079196,-0.1470241,1.792854,-0.2384511,-0.1401348,1.71637,-0.09871731,0.1183615,2.033591,-0.0262124,-0.1199289,1.956094,-0.1896814,-0.1574942,1.807601,-0.23351,-0.1289431,1.719859,-0.3088028,-0.2651154,1.938291,-0.3094412,-0.6080092,1.871418,-0.2744293,-0.9008408,1.735875,-0.2595696,-0.9202039,1.644959,-0.1629443,-0.2660296,1.959351,-0.1619525,-0.6378037,1.95731,-0.1974408,-0.9257629,1.942684,-0.1909795,-0.9670524,1.858334,
1795,-0.2403936,-0.1904436,1.959015,-0.2502503,-0.1384067,2.006901,-0.2612635,0.1610193,1.995553,-0.261718,0.4078152,1.945264,-0.4352597,0.1075323,1.984003,-0.5057971,-0.1619982,1.890526,-0.3079196,-0.1470241,1.792854,-0.2384511,-0.1401348,1.71637,-0.09871731,0.1183615,2.033591,-0.0262124,-0.1199289,1.956094,-0.1896814,-0.1574942,1.807601,-0.23351,-0.1289431,1.719859,-0.3088028,-0.2651154,1.938291,-0.3094412,-0.6080092,1.871418,-0.2744293,-0.9008408,1.735875,-0.2595696,-0.9202039,1.644959,-0.1629443,-0.2660296,1.959351,-0.1619525,-0.6378037,1.95731,-0.1974408,-0.9257629,1.942684,-0.1909795,-0.9670524,1.858334,
1821,-0.235536,-0.1925409,1.968335,-0.2470133,-0.1406739,2.016178,-0.2576511,0.1589872,2.005543,-0.252223,0.4053806,1.953934,-0.4289474,0.1049807,1.989171,-0.5025547,-0.1681643,1.906193,-0.3113315,-0.145934,1.795746,-0.2295404,-0.1346179,1.732174,-0.09340894,0.1135118,2.049468,-0.02367908,-0.1287766,1.968367,-0.1663942,-0.2022208,1.811346,-0.2235337,-0.2073304,1.772511,-0.3032034,-0.265097,1.946054,-0.3089933,-0.6061944,1.870446,-0.2707709,-0.8914709,1.716496,-0.2533667,-0.9082202,1.625495,-0.1584054,-0.2700376,1.970028,-0.1624875,-0.6428119,1.96872,-0.1853574,-0.9307976,1.95625,-0.1741467,-0.9725395,1.872605,
1847,-0.233927,-0.1941123,1.974207,-0.2460873,-0.1428978,2.022453,-0.2533941,0.1564746,2.015564,-0.2458106,0.4026341,1.963107,-0.4246822,0.1053064,1.996649,-0.5025032,-0.1683162,1.912197,-0.3070636,-0.1424389,1.802801,-0.2231885,-0.127922,1.746976,-0.09019984,0.1075074,2.064153,-0.01941055,-0.1345614,1.981172,-0.1586817,-0.2021811,1.818005,-0.2150552,-0.1991945,1.777879,-0.3018375,-0.2658365,1.950395,-0.3075978,-0.6027418,1.866637,-0.2693558,-0.88899,1.709033,-0.2500992,-0.9046723,1.618214,-0.1574819,-0.2721011,1.975718,-0.1621553,-0.6423204,1.972699,-0.1903176,-0.9320442,1.968772,-0.1780849,-0.9759476,1.886385,
1875,-0.233927,-0.1941123,1.974207,-0.2460873,-0.1428978,2.022453,-0.2533941,0.1564746,2.015564,-0.2458106,0.4026341,1.963107,-0.4246822,0.1053064,1.996649,-0.5025032,-0.1683162,1.912197,-0.3070636,-0.1424389,1.802801,-0.2231885,-0.127922,1.746976,-0.09019984,0.1075074,2.064153,-0.01941055,-0.1345614,1.981172,-0.1586817,-0.2021811,1.818005,-0.2150552,-0.1991945,1.777879,-0.3018375,-0.2658365,1.950395,-0.3075978,-0.6027418,1.866637,-0.2693558,-0.88899,1.709033,-0.2500992,-0.9046723,1.618214,-0.1574819,-0.2721011,1.975718,-0.1621553,-0.6423204,1.972699,-0.1903176,-0.9320442,1.968772,-0.1780849,-0.9759476,1.886385,
1896,-0.2313258,-0.1967495,1.980199,-0.2439757,-0.1457336,2.028815,-0.2492513,0.1550304,2.024726,-0.2375853,0.4006497,1.971675,-0.419284,0.1038281,2.002126,-0.5006611,-0.1703319,1.917593,-0.3004579,-0.1401233,1.812296,-0.2178231,-0.12202,1.756808,-0.08790891,0.1014091,2.074218,-0.01720105,-0.1333048,1.996988,-0.1759164,-0.1472198,1.838529,-0.2202982,-0.1222346,1.759881,-0.2996167,-0.2670064,1.953805,-0.3058466,-0.5997105,1.860072,-0.2613588,-0.8879797,1.704451,-0.2401219,-0.903291,1.613994,-0.1554622,-0.2756082,1.98324,-0.1614281,-0.642265,1.976341,-0.1927324,-0.9352489,1.974501,-0.1796617,-0.9797779,1.892562,
1925,-0.2292502,-0.1975614,1.984494,-0.2432851,-0.1452438,2.033576,-0.2489177,0.1936222,2.045578,-0.231107,0.3992195,1.979052,-0.4165654,0.1037407,2.005523,-0.4989481,-0.1698652,1.918821,-0.2323616,-0.1149714,1.7994,-0.2088935,-0.1110004,1.770585,-0.08500414,0.09471896,2.086522,-0.01073621,-0.1356953,2.010741,-0.1757949,-0.1156709,1.781535,-0.2015469,-0.1072416,1.763551,-0.2976919,-0.2672592,1.955818,-0.3031976,-0.5971738,1.856246,-0.2465843,-0.8863448,1.704216,-0.221803,-0.9002774,1.614436,-0.1527636,-0.2778166,1.990149,-0.1594803,-0.6426792,1.979734,-0.1934852,-0.9373838,1.975804,-0.1785862,-0.9816768,1.894044,
1953,-0.2259876,-0.1978299,1.989313,-0.2414286,-0.1470563,2.038182,-0.2457935,0.1601409,2.049595,-0.2255839,0.3979123,1.98787,-0.4119028,0.1042196,2.00851,-0.4964667,-0.1679765,1.918432,-0.2261205,-0.1138831,1.808319,-0.1949258,-0.1037135,1.785057,-0.08261058,0.08809708,2.096107,-0.005008844,-0.1363107,2.02134,-0.1587325,-0.1357423,1.856892,-0.1908577,-0.1056224,1.775061,-0.2938134,-0.2670354,1.957693,-0.2992982,-0.5943754,1.85474,-0.2458064,-0.8869635,1.705107,-0.2192524,-0.900502,1.615743,-0.1493366,-0.2787737,1.996985,-0.158707,-0.6426873,1.981321,-0.1940654,-0.9383097,1.976179,-0.1774422,-0.9825423,1.894684,
1976,-0.2198929,-0.1992044,1.995234,-0.2371272,-0.1486231,2.043768,-0.2444862,0.158026,2.050686,-0.2202797,0.3984684,1.995611,-0.4070888,0.1031344,2.009742,-0.4947258,-0.165821,1.916596,-0.2200197,-0.1105923,1.820137,-0.1733888,-0.09267286,1.772185,-0.07938483,0.0846246,2.105497,-0.003970638,-0.1351236,2.02855,-0.1547288,-0.1358749,1.861128,-0.1789292,-0.09559069,1.781637,-0.2865049,-0.2685402,1.960103,-0.2970504,-0.5948722,1.85368,-0.2410144,-0.8897185,1.710688,-0.2121673,-0.9043853,1.622196,-0.1422024,-0.2810245,2.006384,-0.1576477,-0.64218,1.98252,-0.1838138,-0.9412205,1.976333,-0.1632928,-0.9846569,1.895276,
1995,-0.2198929,-0.1992044,1.995234,-0.2371272,-0.1486231,2.043768,-0.2444862,0.158026,2.050686,-0.2202797,0.3984684,1.995611,-0.4070888,0.1031344,2.009742,-0.4947258,-0.165821,1.916596,-0.2200197,-0.1105923,1.820137,-0.1733888,-0.09267286,1.772185,-0.07938483,0.0846246,2.105497,-0.003970638,-0.1351236,2.02855,-0.1547288,-0.1358749,1.861128,-0.1789292,-0.09559069,1.781637,-0.2865049,-0.2685402,1.960103,-0.2970504,-0.5948722,1.85368,-0.2410144,-0.8897185,1.710688,-0.2121673,-0.9043853,1.622196,-0.1422024,-0.2810245,2.006384,-0.1576477,-0.64218,1.98252,-0.1838138,-0.9412205,1.976333,-0.1632928,-0.9846569,1.895276,
2027,-0.216473,-0.1992362,1.998074,-0.2347325,-0.1489993,2.046712,-0.242785,0.1567309,2.053202,-0.2155451,0.3994275,2.00275,-0.4011515,0.1011587,2.010215,-0.4480899,-0.1299174,1.928897,-0.2059602,-0.1037806,1.822247,-0.1779049,-0.08714807,1.804039,-0.07823406,0.08319033,2.111696,-0.001836859,-0.1351523,2.034604,-0.1535471,-0.1334439,1.86817,-0.1716935,-0.08946631,1.789317,-0.2816372,-0.2680922,1.960823,-0.2935841,-0.5948085,1.853153,-0.2440234,-0.8915473,1.714002,-0.2141599,-0.9068754,1.62594,-0.1395802,-0.2810849,2.009859,-0.1546182,-0.6428332,1.984865,-0.181908,-0.9414712,1.973589,-0.1598981,-0.9837873,1.892307,
2061,-0.2135185,-0.1985334,1.999506,-0.2331698,-0.1485997,2.048035,-0.2418558,0.1566974,2.054957,-0.2123067,0.3989783,2.009159,-0.3981131,0.1004688,2.010974,-0.4466054,-0.1292787,1.926651,-0.1973102,-0.09852012,1.829607,-0.1694381,-0.07670838,1.808023,-0.07517788,0.0802865,2.120291,0.0002206049,-0.135872,2.043624,-0.1468555,-0.07562946,1.815744,-0.1788453,-0.01462355,1.808733,-0.2775513,-0.2672246,1.959958,-0.2908858,-0.5946953,1.853341,-0.2475304,-0.8927801,1.716409,-0.2164257,-0.9084967,1.62883,-0.1362992,-0.2809909,2.012401,-0.1512673,-0.6435304,1.987264,-0.182792,-0.9411825,1.971508,-0.1596264,-0.9828167,1.890178,
2097,-0.2059253,-0.1963727,2.002637,-0.2275761,-0.1474969,2.0513,-0.2387559,0.1562116,2.060519,-0.2080148,0.4009466,2.019384,-0.390441,0.1001801,2.012241,-0.4416057,-0.1254984,1.923767,-0.1670129,-0.06688279,1.82998,-0.1351501,-0.04293873,1.773374,-0.07317538,0.07899255,2.128722,0.002116502,-0.1366407,2.055997,-0.1323874,-0.09329409,1.839589,-0.1643725,-0.03229698,1.83258,-0.2663852,-0.2648094,1.956488,-0.2841423,-0.5949906,1.853239,-0.2294942,-0.8941208,1.729457,-0.1948692,-0.9103213,1.643268,-0.1288288,-0.2802103,2.019009,-0.1476195,-0.6436898,1.989024,-0.1837474,-0.9397341,1.96927,-0.159359,-0.9808342,1.887992,
2118,-0.2059253,-0.1963727,2.002637,-0.2275761,-0.1474969,2.0513,-0.2387559,0.1562116,2.060519,-0.2080148,0.4009466,2.019384,-0.390441,0.1001801,2.012241,-0.4416057,-0.1254984,1.923767,-0.1670129,-0.06688279,1.82998,-0.1351501,-0.04293873,1.773374,-0.07317538,0.07899255,2.128722,0.002116502,-0.1366407,2.055997,-0.1323874,-0.09329409,1.839589,-0.1643725,-0.03229698,1.83258,-0.2663852,-0.2648094,1.956488,-0.2841423,-0.5949906,1.853239,-0.2294942,-0.8941208,1.729457,-0.1948692,-0.9103213,1.643268,-0.1288288,-0.2802103,2.019009,-0.1476195,-0.6436898,1.989024,-0.1837474,-0.9397341,1.96927,-0.159359,-0.9808342,1.887992,
2145,-0.2021066,-0.1933134,2.005202,-0.2246834,-0.1453215,2.053706,-0.2374131,0.1560124,2.062911,-0.2058431,0.4011815,2.024494,-0.3867255,0.09996884,2.012706,-0.4330415,-0.120825,1.921692,-0.1578342,-0.06223358,1.830213,-0.1095413,-0.02867804,1.79369,-0.0729506,0.07900905,2.131691,0.001798628,-0.1366625,2.057853,-0.1428178,-0.07517991,1.832945,-0.1748007,-0.01418717,1.825936,-0.2611586,-0.2621889,1.954697,-0.2814192,-0.594015,1.852891,-0.2335982,-0.8932718,1.730098,-0.1988027,-0.9097575,1.644015,-0.1252059,-0.2784881,2.025487,-0.1462992,-0.643344,1.989124,-0.184242,-0.9374048,1.968023,-0.15939,-0.9782565,1.886744,
2180,-0.1993955,-0.1920574,2.006567,-0.2224988,-0.1443365,2.054976,-0.235689,0.1560175,2.064387,-0.2041636,0.4001957,2.027701,-0.3823491,0.1001468,2.013122,-0.4292572,-0.1201792,1.920535,-0.1537537,-0.05987685,1.83164,-0.0996039,-0.02636867,1.804502,-0.07290009,0.07852948,2.134101,0.002933758,-0.137504,2.062611,-0.1519479,-0.07312602,1.836689,-0.1839285,-0.01213758,1.82968,-0.257085,-0.2612232,1.953008,-0.2796687,-0.594022,1.851977,-0.2353269,-0.8934721,1.730782,-0.2000146,-0.9102485,1.64495,-0.1230083,-0.2781581,2.029513,-0.1449684,-0.642933,1.989514,-0.1852774,-0.9365554,1.967328,-0.1600064,-0.9773403,1.886128,
2208,-0.1968613,-0.1908305,2.007647,-0.2205935,-0.1434281,2.055887,-0.2338763,0.1558797,2.065665,-0.2024216,0.400885,2.031417,-0.3791521,0.100031,2.013473,-0.4261504,-0.1190348,1.920199,-0.1503384,-0.05754584,1.833647,-0.09575566,-0.02244768,1.809571,-0.07203526,0.07905328,2.13837,0.01723491,-0.1325871,2.08447,-0.1567042,-0.06947652,1.845968,-0.1886826,-0.008492198,1.838959,-0.2540636,-0.2601566,1.952429,-0.2784824,-0.5933819,1.851229,-0.2368244,-0.8931701,1.731598,-0.2007432,-0.9101973,1.64612,-0.1212161,-0.2776101,2.03145,-0.142893,-0.6424677,1.990066,-0.1866963,-0.9355168,1.966423,-0.1610176,-0.9763073,1.885336,
2275,-0.1925993,-0.1896199,2.008965,-0.2173276,-0.1425096,2.056913,-0.2305558,0.1559154,2.0674,-0.1954801,0.4041752,2.03989,-0.3702666,0.1000641,2.013503,-0.4073244,-0.109775,1.906117,-0.1398844,-0.05552892,1.835575,-0.08321927,-0.01991422,1.81808,-0.06969512,0.07829826,2.143216,0.01285521,-0.1383782,2.083412,-0.1037708,-0.2051632,1.902104,-0.1426461,-0.2274249,1.845809,-0.2483302,-0.2585914,1.951275,-0.2757843,-0.5914137,1.849949,-0.2372593,-0.8927438,1.733558,-0.1997607,-0.9102794,1.648808,-0.1181895,-0.2774256,2.03434,-0.1384326,-0.641939,1.990874,-0.1841054,-0.9349928,1.966659,-0.1570283,-0.9759959,1.886149,
2314,-0.1908707,-0.1888653,2.009597,-0.2157747,-0.1418772,2.057498,-0.2290756,0.1560836,2.068087,-0.1937431,0.4049305,2.041928,-0.3686227,0.1002617,2.014013,-0.4034182,-0.1083235,1.903439,-0.1375402,-0.0558957,1.836608,-0.08093842,-0.0196277,1.820437,-0.06870778,0.0782764,2.14468,0.01007984,-0.1391313,2.082253,-0.1024531,-0.2062926,1.898399,-0.1399641,-0.2286797,1.841256,-0.2466049,-0.2580222,1.951015,-0.2739462,-0.5910985,1.849472,-0.237674,-0.892796,1.734663,-0.2000958,-0.9106391,1.650041,-0.1166423,-0.277172,2.035684,-0.1367843,-0.6417186,1.990822,-0.1818413,-0.9346539,1.965956,-0.1543622,-0.9754413,1.885503,
2333,-0.1908707,-0.1888653,2.009597,-0.2157747,-0.1418772,2.057498,-0.2290756,0.1560836,2.068087,-0.1937431,0.4049305,2.041928,-0.3686227,0.1002617,2.014013,-0.4034182,-0.1083235,1.903439,-0.1375402,-0.0558957,1.836608,-0.08093842,-0.0196277,1.820437,-0.06870778,0.0782764,2.14468,0.01007984,-0.1391313,2.082253,-0.1024531,-0.2062926,1.898399,-0.1399641,-0.2286797,1.841256,-0.2466049,-0.2580222,1.951015,-0.2739462,-0.5910985,1.849472,-0.237674,-0.892796,1.734663,-0.2000958,-0.9106391,1.650041,-0.1166423,-0.277172,2.035684,-0.1367843,-0.6417186,1.990822,-0.1818413,-0.9346539,1.965956,-0.1543622,-0.9754413,1.885503,
2375,-0.1854756,-0.1877481,2.010275,-0.2110428,-0.1411938,2.058168,-0.225079,0.1560474,2.069961,-0.189317,0.4038513,2.045619,-0.3654065,0.09990816,2.014449,-0.3988023,-0.1084647,1.899609,-0.1356655,-0.05487173,1.837928,-0.07375476,-0.02686804,1.825507,-0.06424057,0.07849225,2.149494,0.009425636,-0.1396855,2.084177,-0.09701721,-0.2149573,1.899929,-0.1324982,-0.2400479,1.842654,-0.2410314,-0.2571875,1.949633,-0.2668493,-0.5918584,1.850563,-0.2444045,-0.8919954,1.729739,-0.207673,-0.9095345,1.644735,-0.1108465,-0.2775075,2.037382,-0.1335047,-0.6412442,1.989878,-0.1785195,-0.9344914,1.965327,-0.1503372,-0.9754523,1.885262,
2404,-0.1800765,-0.1871565,2.009401,-0.2064172,-0.1379468,2.05791,-0.2207509,0.2031425,2.081188,-0.1880471,0.4040503,2.046447,-0.3609264,0.09893246,2.01397,-0.397239,-0.1076445,1.899019,-0.1342691,-0.05491105,1.839916,-0.07305402,-0.02743425,1.82367,-0.06230278,0.07823803,2.150896,0.02028492,-0.1350874,2.10113,-0.08592353,-0.2077467,1.915679,-0.1213263,-0.2319665,1.858004,-0.2342663,-0.2564434,1.947069,-0.2624575,-0.5928022,1.850877,-0.2513099,-0.8918796,1.728676,-0.2152654,-0.9098116,1.643488,-0.1051351,-0.2772603,2.037244,-0.1313693,-0.6406756,1.98906,-0.1788933,-0.933506,1.965529,-0.1506752,-0.9750594,1.885812,
2422,-0.1800765,-0.1871565,2.009401,-0.2064172,-0.1379468,2.05791,-0.2207509,0.2031425,2.081188,-0.1880471,0.4040503,2.046447,-0.3609264,0.09893246,2.01397,-0.397239,-0.1076445,1.899019,-0.1342691,-0.05491105,1.839916,-0.07305402,-0.02743425,1.82367,-0.06230278,0.07823803,2.150896,0.02028492,-0.1350874,2.10113,-0.08592353,-0.2077467,1.915679,-0.1213263,-0.2319665,1.858004,-0.2342663,-0.2564434,1.947069,-0.2624575,-0.5928022,1.850877,-0.2513099,-0.8918796,1.728676,-0.2152654,-0.9098116,1.643488,-0.1051351,-0.2772603,2.037244,-0.1313693,-0.6406756,1.98906,-0.1788933,-0.933506,1.965529,-0.1506752,-0.9750594,1.885812,
2449,-0.1751938,-0.1879315,2.008849,-0.201347,-0.1396595,2.057491,-0.2067106,0.1615926,2.07705,-0.1866789,0.4043522,2.047177,-0.3573374,0.09816989,2.014687,-0.3958508,-0.1073591,1.900261,-0.1291754,-0.0568558,1.841914,-0.06821695,-0.02970733,1.824332,-0.0612474,0.07835685,2.151338,0.01904741,-0.1383533,2.097875,-0.0855495,-0.213297,1.912482,-0.1204151,-0.2382783,1.854826,-0.2297622,-0.2571447,1.945547,-0.2590205,-0.5925388,1.850893,-0.2540356,-0.8924091,1.726923,-0.2185341,-0.9101551,1.641492,-0.1009446,-0.277743,2.036904,-0.1292759,-0.6403848,1.987954,-0.1767735,-0.9337189,1.966016,-0.1485322,-0.9757805,1.8866,
2481,-0.17311,-0.188336,2.008993,-0.1990897,-0.1408214,2.057599,-0.2068243,0.158198,2.076204,-0.1854521,0.4043347,2.048068,-0.355378,0.09781196,2.015747,-0.3941909,-0.1074671,1.900261,-0.1247312,-0.05678125,1.841843,-0.06285525,-0.03113778,1.825356,-0.05917032,0.07708389,2.151719,0.02282419,-0.1369604,2.104049,-0.07154259,-0.1929967,1.906133,-0.1029982,-0.2116755,1.844303,-0.2274753,-0.2576644,1.945514,-0.2562596,-0.5927018,1.850371,-0.2545808,-0.891974,1.723925,-0.2195929,-0.9094068,1.638243,-0.09896207,-0.2782167,2.037022,-0.1262927,-0.640304,1.987456,-0.1769073,-0.933654,1.965625,-0.1494159,-0.976,1.886124,
2508,-0.1697612,-0.1907718,2.008752,-0.1969845,-0.1435249,2.056883,-0.206615,0.157282,2.076067,-0.183771,0.4042659,2.048985,-0.3433678,0.09400938,2.011312,-0.3931008,-0.1074206,1.900778,-0.1198772,-0.06093512,1.843277,-0.05579679,-0.0419489,1.826215,-0.05587125,0.07577978,2.153253,0.02724212,-0.1374978,2.109994,-0.06701016,-0.1822662,1.90905,-0.09842759,-0.197189,1.84621,-0.2238636,-0.259131,1.945635,-0.2528093,-0.5935085,1.849905,-0.2462464,-0.8897601,1.713425,-0.2089595,-0.905471,1.628362,-0.09667186,-0.2795999,2.03663,-0.1258733,-0.6466432,1.985798,-0.1697996,-0.9358835,1.965889,-0.1390186,-0.9784188,1.887684,
2561,-0.1674591,-0.1921061,2.008715,-0.1947635,-0.145269,2.056727,-0.2058108,0.1548015,2.075371,-0.1819129,0.4035652,2.04932,-0.3404754,0.09351202,2.011645,-0.3922444,-0.1084304,1.901014,-0.1163391,-0.06717511,1.844703,-0.05205253,-0.04930405,1.827153,-0.05326946,0.07441074,2.154103,0.02483355,-0.1414286,2.108352,-0.07619588,-0.1922891,1.912597,-0.1098724,-0.2092425,1.851487,-0.2210709,-0.2599969,1.946191,-0.2486401,-0.5928562,1.84905,-0.24728,-0.8883895,1.707009,-0.2104441,-0.9035358,1.621626,-0.09491253,-0.280397,2.036296,-0.121483,-0.6439584,1.984913,-0.1690603,-0.9363454,1.965546,-0.1387477,-0.9794803,1.887462,
2591,-0.1649366,-0.1938104,2.009089,-0.1920905,-0.147333,2.057089,-0.2039893,0.1518254,2.075161,-0.1796537,0.4025005,2.05,-0.3381398,0.09286941,2.012718,-0.38703,-0.1095347,1.896828,-0.111592,-0.0751439,1.845008,-0.04904433,-0.05340676,1.825549,-0.05154362,0.07321998,2.154271,0.03060134,-0.1419908,2.116611,-0.07335439,-0.1910873,1.922075,-0.1080063,-0.2074528,1.861371,-0.2183009,-0.2609345,1.947778,-0.2429966,-0.5911819,1.847816,-0.1967968,-0.8819646,1.697108,-0.1558205,-0.8935645,1.613045,-0.09307352,-0.2813073,2.035903,-0.1156096,-0.6446689,1.986042,-0.1621744,-0.9379117,1.964692,-0.131628,-0.980408,1.886325,
2623,-0.1626137,-0.1951479,2.009258,-0.1896699,-0.1489108,2.057287,-0.2020476,0.1496892,2.075233,-0.177312,0.4019313,2.0511,-0.336439,0.09258237,2.013558,-0.3775134,-0.109648,1.883248,-0.1102153,-0.08285221,1.843156,-0.04392132,-0.07308482,1.826636,-0.04921164,0.07212777,2.15487,0.02958667,-0.1511847,2.112278,-0.08800057,-0.2149043,1.931101,-0.1271963,-0.2361441,1.87485,-0.2161651,-0.2616111,1.948757,-0.2370645,-0.5881476,1.846048,-0.1910661,-0.8841034,1.699685,-0.1499762,-0.896322,1.615742,-0.09081942,-0.2823665,2.035258,-0.1118686,-0.643978,1.98572,-0.1619401,-0.9386027,1.964391,-0.1321482,-0.9814886,1.885922,
2695,-0.1544783,-0.1960192,2.008436,-0.1818685,-0.1504226,2.05661,-0.1959049,0.1471888,2.075723,-0.1701043,0.3989112,2.05369,-0.3308313,0.09258296,2.016666,-0.3648833,-0.1066018,1.871471,-0.1306319,-0.1029464,1.83401,-0.03759079,-0.1014452,1.826351,-0.04212257,0.07262561,2.159776,0.0367544,-0.1691348,2.123004,-0.08376844,-0.2235183,1.940697,-0.1239427,-0.2416461,1.884069,-0.2079761,-0.2611753,1.950715,-0.2157892,-0.5901005,1.838632,-0.1998453,-0.8864287,1.697212,-0.1613252,-0.9005083,1.612307,-0.0819964,-0.2812532,2.031164,-0.1006572,-0.6402152,1.984089,-0.1447421,-0.9388041,1.958266,-0.1134559,-0.9800864,1.879477,
2724,-0.1482853,-0.1969768,2.006738,-0.1771761,-0.1516106,2.054663,-0.1933678,0.1468266,2.075369,-0.1653127,0.398591,2.05417,-0.3191639,0.09047469,2.014627,-0.3582306,-0.1057488,1.865437,-0.1271276,-0.105105,1.829259,-0.03440028,-0.1056193,1.81839,-0.03972539,0.07288741,2.161386,0.04286994,-0.1675698,2.137898,-0.07867372,-0.2207022,1.955946,-0.1191883,-0.238413,1.899436,-0.1999793,-0.2608227,1.94951,-0.2019632,-0.5941517,1.835055,-0.1627409,-0.8857545,1.70008,-0.1201567,-0.8988845,1.616966,-0.07700285,-0.2809042,2.029237,-0.08488694,-0.6404404,1.986202,-0.1402531,-0.9373206,1.950484,-0.1093542,-0.9774153,1.870914,
2765,-0.1446296,-0.1963791,2.005618,-0.1739494,-0.1510696,2.053561,-0.1914534,0.1479719,2.075047,-0.1602173,0.3980389,2.054252,-0.3163455,0.09044757,2.014247,-0.3497826,-0.1031128,1.859588,-0.07947969,-0.1032263,1.805452,-0.01057101,-0.1057124,1.808919,-0.03786791,0.07277823,2.161906,0.04292529,-0.1684201,2.141504,-0.0785203,-0.221118,1.959368,-0.1190022,-0.2386839,1.902797,-0.1959759,-0.2596571,1.948331,-0.1947489,-0.5947363,1.832351,-0.1391309,-0.8772529,1.686637,-0.09510089,-0.8876121,1.603869,-0.07301552,-0.2799391,2.028011,-0.07405449,-0.6337209,1.988212,-0.1275035,-0.9370016,1.949436,-0.09579724,-0.9763216,1.869779,
2792,-0.1393947,-0.1960695,2.004376,-0.1705444,-0.1471718,2.052004,-0.1784423,0.1960982,2.085677,-0.1552214,0.3984116,2.053509,-0.3009218,0.08834717,2.002785,-0.3408324,-0.09915833,1.85251,-0.077103,-0.101163,1.800535,-0.006157318,-0.09812203,1.790473,-0.03418681,0.07446232,2.164834,0.02667097,-0.1981027,2.117414,-0.09493691,-0.2499536,1.935128,-0.1354729,-0.2672372,1.878507,-0.1898473,-0.258462,1.94703,-0.1871889,-0.5950068,1.830169,-0.1227333,-0.8714223,1.678649,-0.07446796,-0.8813511,1.598209,-0.06963651,-0.2787117,2.027007,-0.06615138,-0.6272253,1.989595,-0.121619,-0.9357265,1.952151,-0.08594305,-0.9764808,1.874917,
2813,-0.1345305,-0.1949913,2.003921,-0.166526,-0.144749,2.05135,-0.1783052,0.196261,2.085432,-0.1469144,0.3998693,2.052612,-0.294857,0.08761895,1.998982,-0.3307203,-0.09505524,1.841355,-0.07074326,-0.09547143,1.7938,-0.0008158033,-0.08327566,1.782617,-0.03290663,0.07678734,2.165403,-0.0127035,-0.1957328,2.06344,-0.1343097,-0.2476212,1.881154,-0.1748451,-0.2649173,1.824533,-0.1831777,-0.2563311,1.94734,-0.1817074,-0.5944186,1.827568,-0.1079694,-0.8661333,1.676037,-0.05780264,-0.8750033,1.596633,-0.06593385,-0.2758878,2.026624,-0.06143684,-0.6192237,1.989059,-0.1123827,-0.9338483,1.958058,-0.07466759,-0.9762115,1.882671,
2840,-0.1300054,-0.1945282,2.001853,-0.1635555,-0.1431454,2.048496,-0.1760566,0.1973442,2.083546,-0.1399547,0.3998451,2.049567,-0.2822093,0.08729674,1.989173,-0.3229071,-0.08938824,1.831766,-0.1127318,-0.08402312,1.773079,-0.02057208,-0.06990469,1.766241,-0.03173974,0.07951762,2.163736,0.0157854,-0.1713068,1.999143,-0.09922981,-0.2338235,1.815819,-0.1375682,-0.2546624,1.758854,-0.1769154,-0.255071,1.943759,-0.1756664,-0.5938636,1.824234,-0.08745503,-0.8634803,1.678406,-0.03337273,-0.8718463,1.601563,-0.06392298,-0.2749669,2.02614,-0.05813222,-0.6169499,1.989887,-0.1045807,-0.9337254,1.962506,-0.06306949,-0.9770556,1.889711,
2864,-0.1300054,-0.1945282,2.001853,-0.1635555,-0.1431454,2.048496,-0.1760566,0.1973442,2.083546,-0.1399547,0.3998451,2.049567,-0.2822093,0.08729674,1.989173,-0.3229071,-0.08938824,1.831766,-0.1127318,-0.08402312,1.773079,-0.02057208,-0.06990469,1.766241,-0.03173974,0.07951762,2.163736,0.0157854,-0.1713068,1.999143,-0.09922981,-0.2338235,1.815819,-0.1375682,-0.2546624,1.758854,-0.1769154,-0.255071,1.943759,-0.1756664,-0.5938636,1.824234,-0.08745503,-0.8634803,1.678406,-0.03337273,-0.8718463,1.601563,-0.06392298,-0.2749669,2.02614,-0.05813222,-0.6169499,1.989887,-0.1045807,-0.9337254,1.962506,-0.06306949,-0.9770556,1.889711,
2891,-0.1234692,-0.1931837,2.001441,-0.1587898,-0.1407945,2.046837,-0.1721933,0.1989891,2.080754,-0.1313982,0.399739,2.046771,-0.2717708,0.08675657,1.977635,-0.3099758,-0.08316787,1.818698,-0.09876037,-0.08107208,1.764859,-0.00929419,-0.05767076,1.751367,-0.0297823,0.0817147,2.162404,-0.003450891,-0.174278,2.175547,0.05169404,-0.1782071,1.8924,0.05982295,-0.1854779,1.880028,-0.168456,-0.2533487,1.942682,-0.1704191,-0.5935705,1.820568,-0.07418162,-0.8601757,1.678946,-0.0168382,-0.8684356,1.604495,-0.05925532,-0.273033,2.027352,-0.04885407,-0.5934814,1.992718,-0.09998502,-0.9308836,1.970468,-0.05671037,-0.9772972,1.900664,
2922,-0.1184396,-0.1911296,2.000597,-0.1548827,-0.1377201,2.044847,-0.1672084,0.2021674,2.076715,-0.1256559,0.4009576,2.044011,-0.2614754,0.08713783,1.968361,-0.2997288,-0.07856683,1.80497,-0.08844896,-0.07332037,1.75192,0.0008043274,-0.04901314,1.738812,-0.02352661,0.08512136,2.163795,0.008957529,-0.1637872,2.182604,0.05342644,-0.1796882,1.892749,0.0874614,-0.2101305,1.840946,-0.1630594,-0.2514462,1.941087,-0.1627075,-0.5931445,1.81548,-0.06377552,-0.8609585,1.685544,-0.00379939,-0.8705388,1.613357,-0.05515298,-0.2710928,2.02814,-0.04561336,-0.6530985,2.004783,-0.1028916,-0.9271123,1.946757,-0.05784838,-0.9650124,1.873037,
2943,-0.1127202,-0.187884,1.999554,-0.1501942,-0.1334566,2.042223,-0.1585863,0.2052024,2.070652,-0.1165732,0.4045991,2.040801,-0.2497192,0.08931066,1.96032,-0.2860444,-0.0739333,1.790803,-0.07536027,-0.06385393,1.735791,0.01374785,-0.03819142,1.724569,-0.01830977,0.08979565,2.167,0.01030932,-0.1591064,2.186214,0.05638551,-0.1926275,1.918924,0.06410205,-0.192791,1.895814,-0.1561238,-0.2484767,1.938562,-0.1561697,-0.5935332,1.811198,-0.1562075,-0.8774163,1.692238,-0.1016534,-0.8975551,1.61795,-0.05145849,-0.2684044,2.029401,-0.04171083,-0.557955,1.993798,-0.2166729,-0.8785449,1.983399,-0.2151983,-0.9499861,1.9218,
2975,-0.1086241,-0.1852856,1.997057,-0.1466025,-0.129994,2.03849,-0.1502481,0.2080587,2.065742,-0.1099381,0.4066332,2.035288,-0.2405863,0.09097175,1.950939,-0.2643196,-0.06972893,1.774555,-0.05404225,-0.05390649,1.719482,0.03465949,-0.02663275,1.709156,-0.01263252,0.09181455,2.168269,0.03087663,-0.1328341,2.232669,0.05572788,-0.1918982,1.936305,0.06617034,-0.1988115,1.903137,-0.1520817,-0.2462022,1.934943,-0.1501155,-0.5955508,1.807151,-0.1485391,-0.875659,1.69025,-0.09172548,-0.8965771,1.617888,-0.0490736,-0.2666242,2.028736,-0.04441039,-0.5491141,1.987516,-0.1590871,-0.8917311,2.054052,-0.1416688,-0.9802579,2.026461,
2988,-0.1086241,-0.1852856,1.997057,-0.1466025,-0.129994,2.03849,-0.1502481,0.2080587,2.065742,-0.1099381,0.4066332,2.035288,-0.2405863,0.09097175,1.950939,-0.2643196,-0.06972893,1.774555,-0.05404225,-0.05390649,1.719482,0.03465949,-0.02663275,1.709156,-0.01263252,0.09181455,2.168269,0.03087663,-0.1328341,2.232669,0.05572788,-0.1918982,1.936305,0.06617034,-0.1988115,1.903137,-0.1520817,-0.2462022,1.934943,-0.1501155,-0.5955508,1.807151,-0.1485391,-0.875659,1.69025,-0.09172548,-0.8965771,1.617888,-0.0490736,-0.2666242,2.028736,-0.04441039,-0.5491141,1.987516,-0.1590871,-0.8917311,2.054052,-0.1416688,-0.9802579,2.026461,
3021,-0.104145,-0.1806864,1.991745,-0.1426649,-0.1245675,2.031705,-0.1427748,0.2127424,2.056274,-0.1000195,0.4072557,2.02967,-0.2307525,0.0943865,1.941613,-0.2566699,-0.06580274,1.764591,-0.04627085,-0.04761677,1.711248,0.04168222,-0.01758727,1.702923,-0.006981542,0.09254108,2.167112,0.01979326,-0.151862,2.20093,0.059826,-0.1989556,1.923341,0.06702773,-0.2032241,1.913162,-0.147582,-0.2411444,1.931646,-0.1378168,-0.6008388,1.801183,-0.1304871,-0.8708203,1.688183,-0.07117257,-0.8920652,1.617941,-0.04581821,-0.2597733,2.022889,-0.03435498,-0.576812,2.012162,-0.1466149,-0.8986099,1.937984,-0.106077,-0.9425209,1.864963,
3044,-0.09798978,-0.1721577,1.983815,-0.137245,-0.116972,2.023094,-0.1357103,0.2164105,2.050124,-0.08622485,0.4089656,2.02411,-0.2190961,0.09655949,1.931849,-0.2426759,-0.05829101,1.750705,-0.0313444,-0.04366931,1.701037,0.0559819,-0.01219561,1.692146,-0.001101628,0.09449011,2.165187,0.02344731,-0.1583863,2.192945,0.06514116,-0.2094806,1.933601,0.09746741,-0.2182628,1.873365,-0.1417643,-0.2357533,1.915762,-0.1335821,-0.6017196,1.799804,-0.1275035,-0.873597,1.698488,-0.06614719,-0.8969156,1.630683,-0.03983113,-0.2498144,2.020663,-0.03249855,-0.5784725,2.011502,-0.1258026,-0.8973488,1.952226,-0.07953134,-0.9433858,1.884069,
3075,-0.09349908,-0.1685098,1.975679,-0.1330772,-0.1130826,2.014151,-0.1284939,0.2192123,2.041937,-0.07585019,0.4082312,2.017456,-0.2094934,0.1004832,1.923923,-0.2213839,-0.05301343,1.732985,-0.008463368,-0.04062574,1.692879,0.07835647,-0.008528139,1.68191,0.003391611,0.09502228,2.162024,0.0252136,-0.1612813,2.191146,0.06662565,-0.2208575,1.945643,0.09998196,-0.2222462,1.885377,-0.1367619,-0.2333567,1.902125,-0.1191417,-0.6048739,1.800643,-0.1061961,-0.8778274,1.710812,-0.04228835,-0.9021401,1.645954,-0.03713525,-0.2475216,2.01755,-0.02886122,-0.5816213,2.004299,-0.1236379,-0.8961904,1.962235,-0.07680714,-0.9474093,1.898279,
3108,-0.08891922,-0.1643293,1.964523,-0.1286144,-0.1095028,2.003154,-0.1195298,0.2198831,2.035552,-0.06721669,0.4078131,2.011697,-0.2001317,0.1026625,1.914295,-0.2125963,-0.05236609,1.724834,0.0001050383,-0.03706417,1.684717,0.0868805,-0.00411775,1.675144,0.008287759,0.09530093,2.159659,0.03792774,-0.1267625,2.247248,0.05895761,-0.2218908,2.012462,0.08205792,-0.2334244,1.931114,-0.132507,-0.2292954,1.887831,-0.114496,-0.6037562,1.799288,-0.1012654,-0.8788283,1.718973,-0.03546988,-0.9047536,1.656659,-0.03399539,-0.2446524,2.008415,-0.02679637,-0.5846765,1.983239,-0.1163307,-0.8952191,1.952999,-0.06703123,-0.9489915,1.893103,
3227,-0.06188931,-0.16429,1.933258,-0.1037115,-0.1101755,1.970781,-0.09791933,0.2187259,2.009536,-0.04105828,0.4079998,1.988689,-0.1730487,0.1026937,1.883155,-0.1730512,-0.05194311,1.693863,0.04053396,-0.0358201,1.662549,0.1264447,0.0001255237,1.656568,0.01951406,0.09778414,2.133841,0.0469575,-0.139486,2.251618,0.08152945,-0.2487752,1.971806,0.1350228,-0.2713334,1.934561,-0.1007864,-0.226419,1.8655,-0.0955793,-0.5921673,1.785161,-0.09150071,-0.8786471,1.707568,-0.02396452,-0.9069034,1.647944,-0.01086779,-0.2346078,1.970125,0.01341879,-0.5644636,1.983656,-0.08050168,-0.5543213,1.694553,-0.04559028,-0.5524849,1.789392,
3299,-0.03472396,-0.1958169,1.916635,-0.07573247,-0.1518992,1.951986,-0.0745762,0.1342791,1.969483,-0.03210558,0.392554,1.973191,-0.1564862,0.09904466,1.863163,-0.1539269,-0.05408417,1.672868,0.06011158,-0.03710905,1.64873,0.1434413,0.00453341,1.645641,0.0348634,0.08686338,2.095175,0.0633375,-0.152812,2.217929,0.1002512,-0.2664713,1.960996,0.1580408,-0.3021224,1.949358,-0.06761531,-0.2439653,1.859823,-0.07421118,-0.5838434,1.758409,-0.08006678,-0.8855764,1.65501,-0.015931,-0.9115902,1.590775,0.01236964,-0.2794398,1.94821,0.02968329,-0.6253768,1.949332,0.01230689,-0.9351866,1.989653,0.0787965,-0.9871271,1.947254,
3388,-0.006283436,-0.2015858,1.874831,-0.05056048,-0.155939,1.909337,-0.05538942,0.1398894,1.938491,-0.01454098,0.3993041,1.946378,-0.1296163,0.09473904,1.832341,-0.1024227,-0.05609647,1.635871,0.1109435,-0.02929668,1.622009,0.1730487,0.009518012,1.618718,0.04583081,0.09001729,2.071206,0.07448065,-0.1497938,2.194462,0.1253123,-0.2742224,1.94989,0.1422561,-0.3156986,1.87251,-0.03589948,-0.2464375,1.821341,-0.03762051,-0.576875,1.721465,-0.03923903,-0.8876284,1.614828,0.02806655,-0.9126726,1.553527,0.03948377,-0.2763284,1.902063,0.08426184,-0.6543224,1.851171,0.117152,-0.9319648,1.79852,0.1901518,-0.9576004,1.744627,
3490,0.02335373,-0.218032,1.850919,-0.02228069,-0.1697509,1.883827,-0.02840656,0.1345609,1.910192,0.009187602,0.394853,1.917402,-0.09846516,0.0950523,1.797202,-0.04289902,-0.04434219,1.600338,0.1705402,-0.01934951,1.596334,0.2142695,0.01919496,1.592852,0.0718015,0.09027489,2.041841,0.1005132,-0.1495579,2.165125,0.1502389,-0.2676209,1.938445,0.1668141,-0.3069752,1.867029,-0.004172705,-0.2686931,1.788524,-0.01221133,-0.5904123,1.699825,-0.02029064,-0.9137597,1.598771,0.0478641,-0.9414678,1.539607,0.07066779,-0.2942779,1.885499,0.1515023,-0.6496884,1.82038,0.2162236,-0.9342529,1.753793,0.2923319,-0.95415,1.701593,
3519,0.03229407,-0.2182668,1.839024,-0.01315652,-0.1694575,1.87206,-0.01817108,0.1373286,1.900676,0.01740265,0.3980514,1.907892,-0.08742066,0.09639107,1.785034,-0.03460792,-0.04156395,1.594629,0.1792118,-0.01855667,1.584059,0.262109,0.02299525,1.581939,0.08211096,0.09344938,2.032124,0.1108248,-0.146385,2.155412,0.1610667,-0.2914931,1.925241,0.177814,-0.3398624,1.852661,0.00365468,-0.2686164,1.77526,-0.007522129,-0.5887916,1.694674,-0.0189728,-0.9168121,1.600446,0.04927034,-0.9461863,1.542196,0.07920995,-0.2961952,1.875582,0.1586975,-0.6431779,1.80958,0.2256311,-0.9353597,1.740068,0.3019167,-0.9550857,1.688064,
3780,0.1276213,-0.2264627,1.76296,0.08232217,-0.1765564,1.796378,0.07623074,0.1357824,1.824247,0.09352437,0.400019,1.833512,0.002417446,0.1077359,1.714128,0.04054066,-0.03855535,1.536817,0.2552388,-0.03954899,1.536184,0.3410157,-0.007343136,1.55019,0.1763961,0.09220248,1.955691,0.2051129,-0.147633,2.078981,0.2903108,-0.2289581,1.859401,0.3187101,-0.2560664,1.790352,0.09810876,-0.2716308,1.716391,0.06324034,-0.5789236,1.664662,0.02394744,-0.925209,1.595975,0.08860946,-0.9630706,1.53852,0.1720011,-0.2860037,1.78837,0.2633593,-0.5833842,1.748706,0.3659769,-0.917415,1.693714,0.4439022,-0.9357423,1.643639,
3811,0.1276213,-0.2264627,1.76296,0.08232217,-0.1765564,1.796378,0.07623074,0.1357824,1.824247,0.09352437,0.400019,1.833512,0.002417446,0.1077359,1.714128,0.04054066,-0.03855535,1.536817,0.2552388,-0.03954899,1.536184,0.3410157,-0.007343136,1.55019,0.1763961,0.09220248,1.955691,0.2051129,-0.147633,2.078981,0.2903108,-0.2289581,1.859401,0.3187101,-0.2560664,1.790352,0.09810876,-0.2716308,1.716391,0.06324034,-0.5789236,1.664662,0.02394744,-0.925209,1.595975,0.08860946,-0.9630706,1.53852,0.1720011,-0.2860037,1.78837,0.2633593,-0.5833842,1.748706,0.3659769,-0.917415,1.693714,0.4439022,-0.9357423,1.643639,
3857,0.1636865,-0.2250301,1.749864,0.1158452,-0.1772954,1.783186,0.09629727,0.1339364,1.811525,0.1088455,0.3982144,1.815339,0.02502968,0.09624662,1.70324,0.04311028,-0.05376029,1.52588,0.2575352,-0.06944026,1.514205,0.3438802,-0.03922286,1.528407,0.1964626,0.09035662,1.942968,0.2251793,-0.1494789,2.066256,0.3386954,-0.2240784,1.815108,0.4031276,-0.2146438,1.794095,0.137013,-0.2683306,1.713206,0.09710974,-0.571013,1.639849,0.0520032,-0.913164,1.546575,0.1148999,-0.9474642,1.485083,0.2130861,-0.2705005,1.765025,0.2899463,-0.5687746,1.739434,0.3784341,-0.9121718,1.69988,0.4564061,-0.9324084,1.65064,
3883,0.1759456,-0.222398,1.744186,0.1283914,-0.1750193,1.777644,0.1064945,0.1353807,1.804599,0.1147738,0.399814,1.807002,0.0358778,0.09291782,1.700795,0.03991704,-0.06073817,1.526083,0.2541021,-0.07836654,1.507904,0.3420333,-0.05115891,1.517563,0.2066598,0.0918009,1.936043,0.2353766,-0.1480346,2.05933,0.3499494,-0.2219277,1.802136,0.4001355,-0.2199425,1.755694,0.1503344,-0.2650322,1.708791,0.1111633,-0.563869,1.626942,0.06632338,-0.9059534,1.523076,0.1285321,-0.9380621,1.459736,0.2197596,-0.2694116,1.761151,0.3045255,-0.5665473,1.733985,0.401525,-0.9065661,1.69272,0.4794244,-0.925294,1.642782,
3912,0.1848228,-0.2262563,1.732456,0.1461829,-0.1789647,1.775055,0.1197091,0.1312749,1.795317,0.1198391,0.3955293,1.794263,0.04157804,0.08965902,1.697818,0.03676506,-0.06904879,1.528484,0.2502536,-0.08944287,1.501138,0.3383306,-0.06163386,1.50673,0.2509288,0.07222553,1.858834,0.2796455,-0.16761,1.98212,0.3692683,-0.2105253,1.779052,0.4152948,-0.2197378,1.72931,0.1563228,-0.2731478,1.686382,0.1365979,-0.5534747,1.605708,0.1110787,-0.9161488,1.493014,0.1598465,-0.9408417,1.416069,0.2382127,-0.2864387,1.749092,0.323126,-0.5562782,1.726602,0.1500516,-0.7478985,1.591949,0.214801,-0.6701993,1.631344,
3932,0.1848228,-0.2262563,1.732456,0.1461829,-0.1789647,1.775055,0.1197091,0.1312749,1.795317,0.1198391,0.3955293,1.794263,0.04157804,0.08965902,1.697818,0.03676506,-0.06904879,1.528484,0.2502536,-0.08944287,1.501138,0.3383306,-0.06163386,1.50673,0.2509288,0.07222553,1.858834,0.2796455,-0.16761,1.98212,0.3692683,-0.2105253,1.779052,0.4152948,-0.2197378,1.72931,0.1563228,-0.2731478,1.686382,0.1365979,-0.5534747,1.605708,0.1110787,-0.9161488,1.493014,0.1598465,-0.9408417,1.416069,0.2382127,-0.2864387,1.749092,0.323126,-0.5562782,1.726602,0.1500516,-0.7478985,1.591949,0.214801,-0.6701993,1.631344,
4078,0.1999747,-0.1901134,1.688829,0.1723549,-0.141587,1.739114,0.1517909,0.1759015,1.766688,0.1357136,0.4183509,1.747928,0.04656053,0.09057,1.690197,0.001872074,-0.09766902,1.553574,0.2316693,-0.08758209,1.470199,0.2919475,-0.05632374,1.462336,0.2976078,0.1123613,1.820245,0.4140574,-0.1143546,1.845123,0.4507173,-0.1205929,1.621053,0.4505503,-0.1222101,1.644349,0.152119,-0.2496508,1.65098,0.1754905,-0.5165099,1.546456,0.2067906,-0.8738983,1.398718,0.2454105,-0.8888783,1.313828,0.2661365,-0.2512933,1.694931,0.3427774,-0.5236893,1.695434,0.2810291,-0.2545826,1.622115,0.3051002,-0.3589208,1.638667,
4195,0.2100066,-0.1735369,1.661802,0.1911517,-0.119678,1.718123,0.1652765,0.2360906,1.754979,0.1299363,0.4285201,1.72462,0.03694268,0.09703153,1.69049,-0.01507914,-0.1004425,1.584451,0.2140251,-0.08445242,1.44427,0.2277293,-0.07851198,1.433063,0.3258258,0.1240073,1.773357,0.4552848,-0.08835494,1.83553,0.4524909,-0.07258075,1.560043,0.4515595,-0.06732269,1.472361,0.1519991,-0.2400156,1.636387,0.1694071,-0.5131246,1.541589,0.1924138,-0.87407,1.408324,0.2152039,-0.8906164,1.318514,0.2855117,-0.2366465,1.649646,0.3440192,-0.529464,1.654762,0.4152885,-0.8861522,1.651727,0.4490602,-0.9222519,1.571631,
4329,0.2132629,-0.1762666,1.619722,0.2070189,-0.1218828,1.678624,0.1866899,0.2255169,1.719521,0.1178795,0.4166276,1.692998,0.03143698,0.08981259,1.692849,-0.01615863,-0.1129149,1.616564,0.1299279,-0.1453574,1.450302,0.1632875,-0.1104975,1.402837,0.346368,0.1174043,1.712892,0.5081876,-0.006515808,1.755596,0.4513858,-0.05601059,1.542207,0.4335437,-0.0719266,1.478387,0.1468897,-0.2491867,1.609358,0.1600116,-0.5259083,1.519769,0.1771901,-0.8881813,1.39434,0.1822596,-0.9058846,1.302184,0.289218,-0.240977,1.587196,0.3689193,-0.5157001,1.561113,0.4740291,-0.8780044,1.518692,0.4927259,-0.9071921,1.431339,
4530,0.2050218,-0.1619723,1.56882,0.2180427,-0.106439,1.623775,0.2004254,0.2353715,1.657575,0.1030772,0.4166014,1.645182,0.0402931,0.08984371,1.698479,0.02406563,-0.1266925,1.634646,0.09416416,-0.1531889,1.394525,0.09260187,-0.134996,1.394697,0.3499481,0.1430645,1.611406,0.5342063,-0.003478589,1.576497,0.4020219,-0.0468103,1.401034,0.3444968,-0.0474317,1.360959,0.1357003,-0.2458634,1.580606,0.1531252,-0.5260305,1.515747,0.1762764,-0.8982675,1.421667,0.1534668,-0.9237996,1.334155,0.2762529,-0.2232016,1.519532,0.3683004,-0.4845656,1.441552,0.4909691,-0.8328764,1.329773,0.4808265,-0.8572699,1.239262,
4694,0.2062424,-0.1401917,1.517935,0.2309117,-0.08213354,1.566949,0.1994044,0.260372,1.603587,0.08742686,0.4342644,1.607717,0.06526656,0.1024224,1.686832,0.06806024,-0.09716392,1.739533,0.05805667,-0.1384333,1.44065,0.06028397,-0.1317264,1.415187,0.3308347,0.1671595,1.517801,0.5179621,0.03700148,1.406985,0.3229763,-0.006910622,1.318013,0.2540267,-0.01370171,1.303288,0.1455416,-0.2271056,1.545061,0.1588265,-0.5103236,1.50084,0.1764986,-0.8870688,1.434124,0.1304729,-0.9205582,1.358797,0.2679198,-0.1957287,1.453701,0.3106518,-0.4745445,1.398419,0.3674951,-0.8454338,1.316991,0.3266154,-0.8796675,1.239079,
4815,0.2074935,-0.134019,1.478271,0.2363248,-0.07621814,1.523682,0.1930949,0.2572647,1.565869,0.07676554,0.4267645,1.579561,0.06508147,0.0977658,1.651681,0.1077454,-0.07783575,1.741266,0.04537117,-0.1551908,1.457269,-0.006945405,-0.1319568,1.420974,0.3016368,0.1587025,1.442409,0.4385944,0.01695888,1.266909,0.2307213,-0.03000725,1.270338,0.1394797,-0.03093667,1.27948,0.1536592,-0.2335577,1.523524,0.1420717,-0.5147003,1.461561,0.126681,-0.8881167,1.371342,0.06788965,-0.9172794,1.303278,0.2651888,-0.1943811,1.384557,0.2857875,-0.476117,1.329362,0.3131468,-0.8503214,1.248131,0.2584543,-0.884569,1.179063,
5024,0.1965929,-0.1822132,1.428185,0.2272663,-0.1212914,1.469576,0.1672059,0.2151965,1.516995,0.05222044,0.4085681,1.55313,0.0398727,0.05546972,1.60267,0.09257044,-0.1133716,1.701598,0.04610036,-0.1898389,1.495408,-0.02107892,-0.1863529,1.486336,0.241108,0.1583243,1.382071,0.3270734,0.01503804,1.215573,0.1333876,-0.06269937,1.247477,0.04958443,-0.05944971,1.284898,0.1541009,-0.2763284,1.454829,0.04889411,-0.559744,1.468119,-0.07710151,-0.8991625,1.47448,-0.1527028,-0.9250873,1.424609,0.2498211,-0.2186891,1.365727,0.2083329,-0.54892,1.301926,0.1676759,-0.872535,1.227128,0.1000488,-0.9010524,1.168068,
5187,0.1340439,-0.214244,1.394631,0.1673463,-0.14709,1.438323,0.1053319,0.223702,1.515985,0.001262858,0.4131255,1.553543,-0.02200129,0.06397523,1.60166,0.009301156,-0.1267955,1.666146,-0.02258221,-0.1568196,1.445385,-0.03321,-0.1668276,1.375962,0.1610131,0.1707215,1.35735,0.2338723,0.007930472,1.216706,0.07380821,-0.1231186,1.254221,-0.007322937,-0.1465491,1.289788,0.08541654,-0.2844857,1.413239,0.04977602,-0.5530069,1.533373,0.006652728,-0.8779045,1.669325,-0.07365809,-0.9208074,1.645491,0.1856766,-0.2459797,1.345055,0.1344202,-0.5787862,1.324128,0.08425172,-0.9045286,1.291354,0.009381212,-0.9351504,1.243237,
5351,0.07942888,-0.2272221,1.424887,0.1120133,-0.1525675,1.466202,0.05178628,0.2366951,1.530805,-0.0504844,0.4226833,1.565125,-0.07554692,0.07696827,1.61648,-0.02898014,-0.07623768,1.731609,-0.2136668,0.02544709,1.692798,-0.2685496,0.06394157,1.684717,0.1032849,0.1608317,1.363299,0.1807317,-0.05474928,1.227286,0.07506233,-0.237807,1.236374,0.01935811,-0.3099326,1.242731,0.0278657,-0.2851577,1.439344,0.004647432,-0.5703128,1.552242,-0.02162958,-0.8930339,1.669632,-0.09969173,-0.9386611,1.643974,0.1338055,-0.2607052,1.387845,0.03618845,-0.5805031,1.336128,-0.05927558,-0.8932476,1.273249,-0.1359284,-0.9173947,1.224514,
5485,0.03828717,-0.2265957,1.403711,0.07167397,-0.1528293,1.450502,0.01022929,0.24771,1.529076,-0.0880904,0.4329599,1.56232,-0.1171039,0.08798324,1.614751,-0.07058223,-0.06507434,1.729746,-0.2339858,0.0590876,1.771454,-0.2859655,0.1009276,1.762958,0.06193694,0.1631074,1.368441,0.1758331,-0.02179705,1.219207,0.1004615,-0.2293577,1.216769,0.05678751,-0.2952426,1.223235,-0.01126004,-0.2882486,1.417015,0.1364489,-0.5734442,1.493898,0.2835727,-0.85751,1.5584,0.2610727,-0.9465313,1.538928,0.09260429,-0.2544703,1.357979,-0.03764391,-0.564834,1.351138,-0.1648632,-0.8679801,1.332139,-0.2443546,-0.8897744,1.287235,
5645,-0.02434499,-0.2151689,1.413287,0.00975116,-0.1416073,1.454247,-0.04244027,0.2597503,1.521317,-0.1378852,0.4460787,1.554125,-0.1697735,0.1000235,1.606992,-0.1233014,-0.052871,1.72185,-0.2908247,-0.1501537,1.795566,-0.3572381,-0.1412193,1.796943,0.01511712,0.1722747,1.359587,0.1373998,-0.01228943,1.219137,0.01616785,-0.1962601,1.217509,-0.04978113,-0.2539097,1.222965,-0.07911946,-0.2661624,1.419344,0.1049856,-0.5333843,1.476061,0.2898721,-0.8017405,1.521051,0.2906574,-0.8927518,1.498697,0.02948955,-0.2524403,1.384516,-0.09734946,-0.5587648,1.313382,-0.2210317,-0.8574654,1.231686,-0.2973427,-0.8762246,1.180616,
5829,0.02052666,-0.1554817,1.443296,0.04142342,-0.09177578,1.480105,-0.06828599,0.2189992,1.516617,-0.1702127,0.4181363,1.551334,-0.1956192,0.0592724,1.602292,0.04780757,-0.06567946,1.66427,-0.1163948,-0.2426075,1.806973,-0.171129,-0.3015835,1.858705,-0.01996386,0.1589479,1.353597,-0.06402627,-0.0497657,1.20416,-0.2238946,-0.1620465,1.282589,-0.280497,-0.1855743,1.326566,0.003204662,-0.2619594,1.500722,0.03595129,-0.5460463,1.502933,0.07914194,-0.9207383,1.497804,0.01592181,-0.9720498,1.449873,0.08294066,-0.2185655,1.346589,-0.09128016,-0.4877163,1.312142,-0.277727,-0.7757548,1.264124,-0.3543675,-0.8015208,1.216309,
6002,-0.08061839,-0.1170391,1.42091,-0.05323496,-0.05848409,1.46743,-0.1185643,0.2788944,1.541223,-0.1310591,0.4652618,1.635365,-0.2458975,0.1191676,1.626898,0.02104446,0.01649465,1.623577,-0.1300732,-0.1747598,1.762192,-0.1804458,-0.2385113,1.812562,-0.05742949,0.1880868,1.424812,-0.2502366,0.06404033,1.286845,-0.3193036,-0.1336473,1.307264,-0.3423259,-0.1995432,1.318236,-0.1097117,-0.1898693,1.452791,0.01308112,-0.5192255,1.517592,0.1173813,-0.7989805,1.558718,0.08103341,-0.8763109,1.519201,-0.02690404,-0.168383,1.358597,-0.08729189,-0.500457,1.349872,-0.1459834,-0.8232027,1.329006,-0.2168503,-0.8531663,1.274758,
6164,-0.06143563,-0.1778035,1.474789,-0.0752623,-0.1029954,1.534929,-0.07805745,0.3376052,1.595475,-0.05734261,0.5313324,1.641732,-0.1704618,0.1723406,1.462324,-0.3451521,-0.03792502,1.428677,-0.3482487,-0.2237644,1.517467,-0.3492809,-0.2857109,1.551227,0.03777582,0.1673723,1.51126,0.162785,-0.06055012,1.471818,0.1639457,-0.2482668,1.557127,0.1643327,-0.3108391,1.589726,-0.117711,-0.2305226,1.431626,-0.1902164,-0.5096564,1.412054,-0.2848831,-0.8741077,1.37829,-0.2800833,-0.9116307,1.2923,-0.000198082,-0.2321112,1.490702,-0.03158203,-0.537663,1.501792,-0.06795955,-0.8918318,1.504606,-0.05429455,-0.9379866,1.423931,
6334,-0.09389773,-0.1764334,1.46527,-0.08221377,-0.1220856,1.522683,-0.05491882,0.2587513,1.568443,-0.02607363,0.4509546,1.618189,-0.09620876,0.1814962,1.452843,-0.2819142,0.01255822,1.565142,-0.3818525,-0.1555409,1.632723,-0.435523,-0.1864655,1.608401,0.01770629,0.1512176,1.438716,0.1158987,-0.1109864,1.356403,0.2827013,-0.1589106,1.486565,0.3383023,-0.1748853,1.53411,-0.1227258,-0.216406,1.417111,-0.1599357,-0.5441821,1.487337,-0.1954031,-0.856609,1.541678,-0.209975,-0.919051,1.473258,-0.07652437,-0.2151559,1.493295,-0.01875244,-0.5311022,1.456622,0.04261815,-0.8667291,1.406431,0.04794298,-0.8970942,1.317874,
6523,-0.06825075,-0.2118947,1.471607,-0.07039126,-0.1359133,1.529635,-0.04962397,0.2875057,1.55015,-0.001935542,0.4755446,1.578102,-0.1014442,0.1890807,1.398765,-0.1703284,0.04120902,1.17559,0.01882818,-0.02530921,1.052055,0.09853414,-0.03337923,1.015475,0.02127038,0.1819287,1.418974,-0.1516247,0.08156101,1.598326,-0.1686687,-0.03985763,1.813422,-0.1743501,-0.08033051,1.889277,-0.1085123,-0.2491218,1.416968,-0.09568736,-0.5835569,1.362033,-0.08327445,-0.907248,1.296456,-0.06727035,-0.9364551,1.208985,-0.04031606,-0.261,1.496602,-0.05036539,-0.5804697,1.376186,-0.06009187,-0.8896762,1.247232,-0.04730621,-0.9095222,1.156661,
6678,-0.06241618,-0.1959283,1.469893,-0.0611526,-0.1301307,1.523382,-0.06259224,0.2567103,1.534629,-0.004637282,0.4405822,1.551491,-0.1408816,0.1341082,1.407829,-0.2394798,0.02690756,1.230931,-0.2016843,-0.05059677,0.9465724,-0.2148587,0.01087498,0.9251761,0.008302114,0.1511332,1.403453,-0.1638246,0.05111959,1.583275,-0.027724,-0.06804069,1.791358,0.01473585,-0.09165455,1.836632,-0.1004837,-0.2473534,1.414769,-0.09355341,-0.5797611,1.345891,-0.08685122,-0.901229,1.266869,-0.09001002,-0.9284883,1.177479,-0.02212526,-0.2453843,1.510718,0.02875344,-0.5232394,1.54804,0.09528185,-0.8865594,1.588675,0.1034336,-0.9396683,1.511398,
6928,-0.03989851,-0.1646819,1.423478,-0.07184094,-0.1039858,1.46785,-0.05783345,0.2480113,1.492554,0.0292889,0.4192998,1.455655,-0.1706353,0.1326389,1.407395,-0.3143541,-0.04666822,1.326825,-0.2869806,-0.1899516,1.162493,-0.2592636,-0.2515203,1.103001,0.05189551,0.116938,1.585462,0.1384251,-0.08986345,1.73683,0.346103,-0.2456223,1.737423,0.4222054,-0.2671303,1.742722,-0.0932133,-0.2238819,1.361912,-0.08606489,-0.5576902,1.303737,-0.07914916,-0.8806334,1.23505,-0.0255998,-0.9101127,1.164551,0.01878911,-0.2428418,1.456172,0.05768039,-0.5266267,1.446374,0.1085854,-0.898074,1.425399,0.1682862,-0.9314018,1.360882,
7152,0.008341044,-0.1688702,1.408284,-0.02908316,-0.1071962,1.447044,-0.03058148,0.2459878,1.454324,0.05221281,0.417455,1.394535,-0.1319043,0.1241625,1.367322,-0.209722,-0.1063303,1.305133,-0.1213887,-0.2740341,1.201429,-0.06185944,-0.3215731,1.153815,0.08494797,0.1195308,1.562111,0.1290903,-0.1573815,1.586383,0.2037365,-0.3526328,1.550302,0.2555176,-0.4256694,1.542874,-0.04093516,-0.2298738,1.346935,-0.03038338,-0.5646893,1.302494,-0.02016604,-0.8888928,1.24707,0.03727153,-0.9204162,1.180708,0.07160529,-0.2419341,1.45109,0.180675,-0.4984862,1.502645,0.3235629,-0.8345848,1.562051,0.3971327,-0.8623582,1.510641,
7366,0.09955293,-0.1646698,1.415316,0.05560739,-0.1011445,1.445389,0.02622608,0.2606602,1.429177,0.08816238,0.4272357,1.355628,-0.04286643,0.131062,1.332504,-0.02583769,-0.09223072,1.203671,0.07065998,-0.2531984,1.096638,0.1141462,-0.3094341,1.041781,0.1585211,0.1613046,1.548915,0.245205,-0.08789085,1.630443,0.3139633,-0.2820778,1.576385,0.3735682,-0.342601,1.547281,0.05899114,-0.2253467,1.368483,0.03182736,-0.5601258,1.337501,0.005519889,-0.8843514,1.295106,0.06299746,-0.9230285,1.23268,0.1593782,-0.2236782,1.455206,0.1585322,-0.5355788,1.438251,0.1575823,-0.885782,1.408748,0.2188099,-0.9227635,1.348914,
7591,0.1787374,-0.1689594,1.407844,0.1362261,-0.1081164,1.434755,0.07813174,0.2423501,1.412172,0.131017,0.4146143,1.328577,0.005409407,0.1156098,1.329798,0.01927931,-0.1073293,1.202058,0.09762281,-0.2681105,1.079445,0.1316991,-0.3258483,1.019783,0.2155668,0.1461033,1.524936,0.3143046,-0.07663193,1.646782,0.3984239,-0.2633866,1.582527,0.445108,-0.3234793,1.552942,0.1399774,-0.2272983,1.364607,0.0716944,-0.5557909,1.329363,0.005561836,-0.8739382,1.282842,0.05128836,-0.9164061,1.213564,0.2477588,-0.2258592,1.447457,0.21557,-0.5589601,1.423612,0.1841223,-0.8843925,1.388033,0.2360779,-0.9242505,1.321658,
7827,0.1824976,-0.1680361,1.367948,0.1572866,-0.1045181,1.397876,0.1269318,0.2396684,1.388364,0.1670254,0.4123363,1.289367,0.03084217,0.114412,1.323425,-0.005467225,-0.1254465,1.234447,0.0218555,-0.3055438,1.11386,0.01357333,-0.3715439,1.053726,0.2761971,0.1530694,1.480063,0.3721434,-0.06905696,1.604283,0.4366732,-0.2559268,1.52131,0.4658621,-0.3216243,1.467713,0.1253149,-0.2257906,1.329473,0.1015324,-0.4799705,1.097662,0.07853481,-0.725762,0.8611006,0.1170787,-0.7358916,0.7768665,0.2522299,-0.2326882,1.393111,0.1892104,-0.5375184,1.252602,0.1282707,-0.8322887,1.104329,0.1636281,-0.854665,1.021066,
8001,0.1881309,-0.1547999,1.33929,0.1678591,-0.09192085,1.370561,0.1574957,0.2460895,1.364444,0.2004377,0.4100136,1.263377,0.05543143,0.1262526,1.308563,-0.02207339,-0.1186495,1.247959,-0.05007777,-0.3160101,1.132356,-0.06865247,-0.3927081,1.089807,0.3084371,0.1502058,1.443037,0.40857,-0.05538726,1.585081,0.4333503,-0.2558106,1.409178,0.4484155,-0.3094858,1.373355,0.1237289,-0.2124163,1.30437,0.1012558,-0.5065684,1.129469,0.07954405,-0.7907563,0.9480883,0.1138197,-0.808262,0.8632497,0.2613946,-0.2193294,1.362184,0.183949,-0.509587,1.197505,0.1091268,-0.7900123,1.026,0.1382043,-0.8096652,0.9397033,
8161,0.235956,-0.1288259,1.296394,0.2118788,-0.06938351,1.330283,0.1945745,0.258582,1.323469,0.2423412,0.4098663,1.232156,0.08311833,0.1415244,1.267909,-0.03653079,-0.1011147,1.232532,-0.1054728,-0.3128892,1.120976,-0.155028,-0.3807059,1.089708,0.3455134,0.1471297,1.406677,0.4346632,-0.05909407,1.501267,0.4112184,-0.196557,1.331623,0.4006085,-0.2410045,1.23657,0.1754773,-0.1938566,1.248766,0.1270909,-0.4860964,1.075651,0.08041644,-0.7679967,0.8962441,0.1126411,-0.7850891,0.8105341,0.311905,-0.1965692,1.32984,0.1598029,-0.4181771,1.218387,-0.03870179,-0.7073917,1.064751,-0.02437245,-0.7313354,0.9750575,
8443,0.2239533,-0.139626,1.177046,0.20701,-0.07720082,1.215693,0.2631898,0.2506978,1.225367,0.3375152,0.3854801,1.147387,0.1428882,0.1375895,1.154331,-0.01433221,-0.07859407,1.080072,-0.01698921,-0.2373751,0.9299259,-0.01437225,-0.2837201,0.8533116,0.402847,0.1139143,1.341187,0.4382846,-0.105943,1.320449,0.3694837,-0.03456735,1.048002,0.3698289,-0.03474544,1.050348,0.1552713,-0.1920801,1.115461,0.07430647,-0.4936446,0.9757989,-0.003672145,-0.7840868,0.8288591,0.03536786,-0.8117391,0.7489042,0.2777311,-0.2329557,1.216561,0.03186388,-0.3692249,1.1483,-0.2885112,-0.5467893,1.051151,-0.2994997,-0.5764912,0.9626791,
8794,0.3464051,-0.2346669,1.178585,0.3162964,-0.176098,1.193738,0.3329726,0.09877899,1.129657,0.4418644,0.2413604,1.100746,0.2113869,0.001539009,0.9898742,0.08158156,-0.1010364,0.8373139,0.2709714,-0.1048355,0.9741288,0.3341014,-0.1061018,1.023869,0.4391492,-0.05260114,1.251824,0.4474511,-0.2525075,1.288925,0.288905,-0.1987915,1.048119,0.2187594,-0.1219255,0.8945206,0.2724726,-0.2900069,1.220506,0.2734602,-0.5492686,0.992346,0.274409,-0.7983341,0.7607242,0.3327528,-0.822111,0.6923252,0.4136473,-0.3140496,1.120747,0.1463705,-0.3744031,1.192705,0.2534619,-0.2897371,0.9291407,0.3176489,-0.2866699,0.8619217,
8959,0.1778094,-0.1084831,0.7430055,0.1833034,-0.1556804,0.7654709,0.207074,-0.1736645,0.9563626,0.3100386,-0.01607908,1.022099,0.08497135,-0.2516623,0.8129968,-0.1083396,-0.2355349,0.7116991,0.1266387,-0.3061202,0.8390618,0.2049648,-0.3296487,0.8856447,0.3132496,-0.3250434,1.078531,0.3216046,-0.5243429,1.115583,0.2215865,-0.3042053,0.9573804,0.156753,-0.2937078,0.9639481,0.1301252,-0.09860327,0.7000334,0.1549314,-0.3645676,0.8934846,0.1787335,-0.6197658,1.066676,0.1853514,-0.6194773,1.159191,0.2119778,-0.088259,0.6817188,0.1646494,0.0005373638,0.9886044,0.3411871,0.2631585,0.9507812,0.3517871,0.3530751,0.9709176,
9161,0,0,0,0,0,0,0,0,0,0.03252193,-0.04268842,0.3494555,0,0,0,0.02639441,-0.05459981,0.3120413,0.01078801,-0.1176398,0.5740702,0.01009148,-0.152613,0.8396568,0.03014559,-0.2452759,0.880465,0.0384893,-0.4443088,0.9174623,0.02988311,-0.2138007,0.8358065,0.009379306,-0.1505661,0.8398711,0,0,0,0,0,0,0.05114852,-0.02685234,0.4034917,0.04404333,-0.05588873,0.5056726,0,0,0,0,0,0,-0.0003501001,-0.01662138,0.4076402,0.004776763,-0.04955404,0.5087525,
